#
# There is insufficient memory for the Java Runtime Environment to continue.
# Native memory allocation (mmap) failed to map 31457280 bytes. Error detail: G1 virtual space
# Possible reasons:
#   The system is out of physical RAM or swap space
#   This process is running with CompressedOops enabled, and the Java Heap may be blocking the growth of the native heap
# Possible solutions:
#   Reduce memory load on the system
#   Increase physical memory or swap space
#   Check if swap backing store is full
#   Decrease Java heap size (-Xmx/-Xms)
#   Decrease number of Java threads
#   Decrease Java thread stack sizes (-Xss)
#   Set larger code cache with -XX:ReservedCodeCacheSize=
#   JVM is running with Zero Based Compressed Oops mode in which the Java heap is
#     placed in the first 32GB address space. The Java Heap base address is the
#     maximum limit for the native heap growth. Please use -XX:HeapBaseMinAddress
#     to set the Java Heap base and to place the Java Heap above 32GB virtual address.
# This output file may be truncated or incomplete.
#
#  Out of Memory Error (os_windows.cpp:3618), pid=33360, tid=27596
#
# JRE version: OpenJDK Runtime Environment Temurin-17.0.18+8 (17.0.18+8) (build 17.0.18+8)
# Java VM: OpenJDK 64-Bit Server VM Temurin-17.0.18+8 (17.0.18+8, mixed mode, sharing, tiered, compressed oops, compressed class ptrs, g1 gc, windows-amd64)
# No core dump will be written. Minidumps are not enabled by default on client versions of Windows
#

---------------  S U M M A R Y ------------

Command Line: -XX:+ShowCodeDetailsInExceptionMessages com.ryujinsha.Main

Host: 13th Gen Intel(R) Core(TM) i5-13450HX, 16 cores, 11G,  Windows 11 , 64 bit Build 26100 (10.0.26100.8115)
Time: Fri Apr 10 17:44:20 2026 SE Asia Standard Time elapsed time: 17.541345 seconds (0d 0h 0m 17s)

---------------  T H R E A D  ---------------

Current thread (0x00000186d2a25220):  VMThread "VM Thread" [stack: 0x0000005256300000,0x0000005256400000] [id=27596]

Stack: [0x0000005256300000,0x0000005256400000]
Native frames: (J=compiled Java code, j=interpreted, Vv=VM code, C=native code)
V  [jvm.dll+0x6846f9]
V  [jvm.dll+0x839ea5]
V  [jvm.dll+0x83b91e]
V  [jvm.dll+0x83bfa3]
V  [jvm.dll+0x248eff]
V  [jvm.dll+0x6814b9]
V  [jvm.dll+0x6762ba]
V  [jvm.dll+0x309257]
V  [jvm.dll+0x310826]
V  [jvm.dll+0x360d9e]
V  [jvm.dll+0x360fdd]
V  [jvm.dll+0x2e02dc]
V  [jvm.dll+0x2e3366]
V  [jvm.dll+0x2edaa4]
V  [jvm.dll+0x320d5d]
V  [jvm.dll+0x8407bd]
V  [jvm.dll+0x8414f3]
V  [jvm.dll+0x841a1f]
V  [jvm.dll+0x841e05]
V  [jvm.dll+0x841ece]
V  [jvm.dll+0x7eaaec]
V  [jvm.dll+0x6835c7]
C  [ucrtbase.dll+0x37b0]
C  [KERNEL32.DLL+0x2e8d7]
C  [ntdll.dll+0x8c3fc]

VM_Operation (0x0000005255fff9e0): G1PauseRemark, mode: safepoint, requested by thread 0x00000186b1761a00


---------------  P R O C E S S  ---------------

Threads class SMR info:
_java_thread_list=0x000001871ff514d0, length=20, elements={
0x00000186d2a2c0f0, 0x00000186d2a2c9c0, 0x00000186d2a47eb0, 0x00000186d2a4a790,
0x00000186d2a4bbd0, 0x00000186d2a4db80, 0x00000186d2a4f2f0, 0x00000186d2a5bc80,
0x00000186d2a5e5a0, 0x00000186d2b153b0, 0x00000186d2bd6070, 0x00000186d2bd8db0,
0x00000186d2d7aec0, 0x00000186d2da3ce0, 0x00000186d2da5520, 0x00000186d2dc0e30,
0x00000186b16fda00, 0x0000018718a691f0, 0x0000018718a678a0, 0x0000018718a682c0
}

Java Threads: ( => current thread )
  0x00000186d2a2c0f0 JavaThread "Reference Handler" daemon [_thread_blocked, id=15016, stack(0x0000005256400000,0x0000005256500000)]
  0x00000186d2a2c9c0 JavaThread "Finalizer" daemon [_thread_blocked, id=15428, stack(0x0000005256500000,0x0000005256600000)]
  0x00000186d2a47eb0 JavaThread "Signal Dispatcher" daemon [_thread_blocked, id=7368, stack(0x0000005256600000,0x0000005256700000)]
  0x00000186d2a4a790 JavaThread "Attach Listener" daemon [_thread_blocked, id=21356, stack(0x0000005256700000,0x0000005256800000)]
  0x00000186d2a4bbd0 JavaThread "Service Thread" daemon [_thread_blocked, id=10136, stack(0x0000005256800000,0x0000005256900000)]
  0x00000186d2a4db80 JavaThread "Monitor Deflation Thread" daemon [_thread_blocked, id=23288, stack(0x0000005256900000,0x0000005256a00000)]
  0x00000186d2a4f2f0 JavaThread "C2 CompilerThread0" daemon [_thread_blocked, id=28136, stack(0x0000005256a00000,0x0000005256b00000)]
  0x00000186d2a5bc80 JavaThread "C1 CompilerThread0" daemon [_thread_blocked, id=33356, stack(0x0000005256b00000,0x0000005256c00000)]
  0x00000186d2a5e5a0 JavaThread "Sweeper thread" daemon [_thread_blocked, id=33600, stack(0x0000005256c00000,0x0000005256d00000)]
  0x00000186d2b153b0 JavaThread "C1 CompilerThread1" daemon [_thread_blocked, id=848, stack(0x0000005256d00000,0x0000005256e00000)]
  0x00000186d2bd6070 JavaThread "Notification Thread" daemon [_thread_blocked, id=9640, stack(0x0000005256e00000,0x0000005256f00000)]
  0x00000186d2bd8db0 JavaThread "Common-Cleaner" daemon [_thread_blocked, id=1604, stack(0x0000005257000000,0x0000005257100000)]
  0x00000186d2d7aec0 JavaThread "Java2D Disposer" daemon [_thread_blocked, id=308, stack(0x0000005257100000,0x0000005257200000)]
  0x00000186d2da3ce0 JavaThread "AWT-Shutdown" [_thread_blocked, id=32940, stack(0x0000005257200000,0x0000005257300000)]
  0x00000186d2da5520 JavaThread "AWT-Windows" daemon [_thread_blocked, id=22440, stack(0x0000005257300000,0x0000005257400000)]
  0x00000186d2dc0e30 JavaThread "AWT-EventQueue-0" [_thread_blocked, id=9684, stack(0x0000005257400000,0x0000005257500000)]
  0x00000186b16fda00 JavaThread "DestroyJavaVM" [_thread_blocked, id=24964, stack(0x0000005255d00000,0x0000005255e00000)]
  0x0000018718a691f0 JavaThread "D3D Screen Updater" daemon [_thread_blocked, id=22800, stack(0x0000005257b40000,0x0000005257c40000)]
  0x0000018718a678a0 JavaThread "TimerQueue" daemon [_thread_blocked, id=33028, stack(0x0000005258a40000,0x0000005258b40000)]
  0x0000018718a682c0 JavaThread "Image Fetcher 0" daemon [_thread_blocked, id=33196, stack(0x0000005257740000,0x0000005257840000)]

Other Threads:
=>0x00000186d2a25220 VMThread "VM Thread" [stack: 0x0000005256300000,0x0000005256400000] [id=27596]
  0x00000186d2bd6550 WatcherThread [stack: 0x0000005256f00000,0x0000005257000000] [id=17300]
  0x00000186b1755020 GCTaskThread "GC Thread#0" [stack: 0x0000005255e00000,0x0000005255f00000] [id=32932]
  0x0000018718c32910 GCTaskThread "GC Thread#1" [stack: 0x0000005257c40000,0x0000005257d40000] [id=8368]
  0x0000018718c31890 GCTaskThread "GC Thread#2" [stack: 0x0000005257d40000,0x0000005257e40000] [id=1704]
  0x0000018718c31e10 GCTaskThread "GC Thread#3" [stack: 0x0000005257e40000,0x0000005257f40000] [id=33044]
  0x0000018718c32e90 GCTaskThread "GC Thread#4" [stack: 0x0000005257f40000,0x0000005258040000] [id=30820]
  0x0000018718c32bd0 GCTaskThread "GC Thread#5" [stack: 0x0000005258040000,0x0000005258140000] [id=27536]
  0x0000018718c31310 GCTaskThread "GC Thread#6" [stack: 0x0000005258140000,0x0000005258240000] [id=31584]
  0x0000018718c31b50 GCTaskThread "GC Thread#7" [stack: 0x0000005258240000,0x0000005258340000] [id=10688]
  0x0000018718c320d0 GCTaskThread "GC Thread#8" [stack: 0x0000005258640000,0x0000005258740000] [id=33052]
  0x000001871f90eae0 GCTaskThread "GC Thread#9" [stack: 0x0000005258340000,0x0000005258440000] [id=33056]
  0x000001871f90c460 GCTaskThread "GC Thread#10" [stack: 0x0000005258440000,0x0000005258540000] [id=24636]
  0x000001871f90d220 GCTaskThread "GC Thread#11" [stack: 0x0000005258540000,0x0000005258640000] [id=28940]
  0x000001871f90cca0 GCTaskThread "GC Thread#12" [stack: 0x0000005258940000,0x0000005258a40000] [id=23664]
  0x00000186b1761a00 ConcurrentGCThread "G1 Main Marker" [stack: 0x0000005255f00000,0x0000005256000000] [id=33764]
  0x00000186b1764010 ConcurrentGCThread "G1 Conc#0" [stack: 0x0000005256000000,0x0000005256100000] [id=32632]
  0x0000018718c32650 ConcurrentGCThread "G1 Conc#1" [stack: 0x0000005258740000,0x0000005258840000] [id=29912]
  0x000001871f90c1a0 ConcurrentGCThread "G1 Conc#2" [stack: 0x0000005258840000,0x0000005258940000] [id=33008]
  0x00000186d27cd9c0 ConcurrentGCThread "G1 Refine#0" [stack: 0x0000005256100000,0x0000005256200000] [id=4116]
  0x00000186d27ce200 ConcurrentGCThread "G1 Service" [stack: 0x0000005256200000,0x0000005256300000] [id=1032]

Threads with active compile tasks:

VM state: at safepoint (normal execution)

VM Mutex/Monitor currently owned by a thread:  ([mutex/lock_event])
[0x00000186b16f9920] Threads_lock - owner thread: 0x00000186d2a25220
[0x00000186b16f9ad0] Heap_lock - owner thread: 0x00000186b1761a00

Heap address: 0x0000000744800000, size: 3000 MB, Compressed Oops mode: Zero based, Oop shift amount: 3

CDS archive(s) mapped at: [0x00000186d3000000-0x00000186d3bb0000-0x00000186d3bb0000), size 12255232, SharedBaseAddress: 0x00000186d3000000, ArchiveRelocationMode: 1.
Compressed class space mapped at: 0x00000186d4000000-0x0000018714000000, reserved size: 1073741824
Narrow klass base: 0x00000186d3000000, Narrow klass shift: 0, Narrow klass range: 0x100000000

GC Precious Log:
 CPUs: 16 total, 16 available
 Memory: 11995M
 Large Page Support: Disabled
 NUMA Support: Disabled
 Compressed Oops: Enabled (Zero based)
 Heap Region Size: 2M
 Heap Min Capacity: 8M
 Heap Initial Capacity: 188M
 Heap Max Capacity: 3000M
 Pre-touch: Disabled
 Parallel Workers: 13
 Concurrent Workers: 3
 Concurrent Refinement Workers: 13
 Periodic GC: Disabled

Heap:
 garbage-first heap   total 776192K, used 481479K [0x0000000744800000, 0x0000000800000000)
  region size 2048K, 1 young (2048K), 1 survivors (2048K)
 Metaspace       used 9312K, committed 9536K, reserved 1114112K
  class space    used 1045K, committed 1152K, reserved 1048576K

Heap Regions: E=young(eden), S=young(survivor), O=old, HS=humongous(starts), HC=humongous(continues), CS=collection set, F=free, OA=open archive, CA=closed archive, TAMS=top-at-mark-start (previous, next)
|   0|0x0000000744800000, 0x0000000744a00000, 0x0000000744a00000|100%|HS|  |TAMS 0x0000000744a00000, 0x0000000744800000| Complete 
|   1|0x0000000744a00000, 0x0000000744c00000, 0x0000000744c00000|100%|HC|  |TAMS 0x0000000744c00000, 0x0000000744a00000| Complete 
|   2|0x0000000744c00000, 0x0000000744e00000, 0x0000000744e00000|100%|HC|  |TAMS 0x0000000744e00000, 0x0000000744c00000| Complete 
|   3|0x0000000744e00000, 0x0000000745000000, 0x0000000745000000|100%|HC|  |TAMS 0x0000000745000000, 0x0000000744e00000| Complete 
|   4|0x0000000745000000, 0x0000000745200000, 0x0000000745200000|100%|HC|  |TAMS 0x0000000745200000, 0x0000000745000000| Complete 
|   5|0x0000000745200000, 0x0000000745400000, 0x0000000745400000|100%|HC|  |TAMS 0x0000000745400000, 0x0000000745200000| Complete 
|   6|0x0000000745400000, 0x0000000745600000, 0x0000000745600000|100%|HC|  |TAMS 0x0000000745600000, 0x0000000745400000| Complete 
|   7|0x0000000745600000, 0x0000000745800000, 0x0000000745800000|100%|HC|  |TAMS 0x0000000745800000, 0x0000000745600000| Complete 
|   8|0x0000000745800000, 0x0000000745a00000, 0x0000000745a00000|100%|HC|  |TAMS 0x0000000745a00000, 0x0000000745800000| Complete 
|   9|0x0000000745a00000, 0x0000000745c00000, 0x0000000745c00000|100%|HC|  |TAMS 0x0000000745c00000, 0x0000000745a00000| Complete 
|  10|0x0000000745c00000, 0x0000000745e00000, 0x0000000745e00000|100%|HC|  |TAMS 0x0000000745e00000, 0x0000000745c00000| Complete 
|  11|0x0000000745e00000, 0x0000000746000000, 0x0000000746000000|100%|HC|  |TAMS 0x0000000746000000, 0x0000000745e00000| Complete 
|  12|0x0000000746000000, 0x0000000746200000, 0x0000000746200000|100%| O|  |TAMS 0x0000000746200000, 0x0000000746000000| Untracked 
|  13|0x0000000746200000, 0x0000000746400000, 0x0000000746400000|100%|HS|  |TAMS 0x0000000746400000, 0x0000000746200000| Complete 
|  14|0x0000000746400000, 0x0000000746600000, 0x0000000746600000|100%|HC|  |TAMS 0x0000000746600000, 0x0000000746400000| Complete 
|  15|0x0000000746600000, 0x0000000746800000, 0x0000000746800000|100%|HC|  |TAMS 0x0000000746800000, 0x0000000746600000| Complete 
|  16|0x0000000746800000, 0x0000000746a00000, 0x0000000746a00000|100%|HC|  |TAMS 0x0000000746a00000, 0x0000000746800000| Complete 
|  17|0x0000000746a00000, 0x0000000746c00000, 0x0000000746c00000|100%|HC|  |TAMS 0x0000000746c00000, 0x0000000746a00000| Complete 
|  18|0x0000000746c00000, 0x0000000746e00000, 0x0000000746e00000|100%|HC|  |TAMS 0x0000000746e00000, 0x0000000746c00000| Complete 
|  19|0x0000000746e00000, 0x0000000747000000, 0x0000000747000000|100%|HC|  |TAMS 0x0000000747000000, 0x0000000746e00000| Complete 
|  20|0x0000000747000000, 0x0000000747200000, 0x0000000747200000|100%|HC|  |TAMS 0x0000000747200000, 0x0000000747000000| Complete 
|  21|0x0000000747200000, 0x0000000747400000, 0x0000000747400000|100%|HC|  |TAMS 0x0000000747400000, 0x0000000747200000| Complete 
|  22|0x0000000747400000, 0x0000000747600000, 0x0000000747600000|100%|HC|  |TAMS 0x0000000747600000, 0x0000000747400000| Complete 
|  23|0x0000000747600000, 0x0000000747800000, 0x0000000747800000|100%|HC|  |TAMS 0x0000000747800000, 0x0000000747600000| Complete 
|  24|0x0000000747800000, 0x0000000747a00000, 0x0000000747a00000|100%|HC|  |TAMS 0x0000000747a00000, 0x0000000747800000| Complete 
|  25|0x0000000747a00000, 0x0000000747be5c00, 0x0000000747c00000| 94%| O|  |TAMS 0x0000000747be5c00, 0x0000000747a00000| Untracked 
|  26|0x0000000747c00000, 0x0000000747e00000, 0x0000000747e00000|100%|HS|  |TAMS 0x0000000747e00000, 0x0000000747c00000| Complete 
|  27|0x0000000747e00000, 0x0000000748000000, 0x0000000748000000|100%|HC|  |TAMS 0x0000000748000000, 0x0000000747e00000| Complete 
|  28|0x0000000748000000, 0x0000000748200000, 0x0000000748200000|100%|HC|  |TAMS 0x0000000748200000, 0x0000000748000000| Complete 
|  29|0x0000000748200000, 0x0000000748400000, 0x0000000748400000|100%|HC|  |TAMS 0x0000000748400000, 0x0000000748200000| Complete 
|  30|0x0000000748400000, 0x0000000748600000, 0x0000000748600000|100%|HC|  |TAMS 0x0000000748600000, 0x0000000748400000| Complete 
|  31|0x0000000748600000, 0x0000000748800000, 0x0000000748800000|100%|HC|  |TAMS 0x0000000748800000, 0x0000000748600000| Complete 
|  32|0x0000000748800000, 0x0000000748a00000, 0x0000000748a00000|100%|HC|  |TAMS 0x0000000748a00000, 0x0000000748800000| Complete 
|  33|0x0000000748a00000, 0x0000000748c00000, 0x0000000748c00000|100%|HC|  |TAMS 0x0000000748c00000, 0x0000000748a00000| Complete 
|  34|0x0000000748c00000, 0x0000000748e00000, 0x0000000748e00000|100%|HC|  |TAMS 0x0000000748e00000, 0x0000000748c00000| Complete 
|  35|0x0000000748e00000, 0x0000000749000000, 0x0000000749000000|100%|HC|  |TAMS 0x0000000749000000, 0x0000000748e00000| Complete 
|  36|0x0000000749000000, 0x0000000749200000, 0x0000000749200000|100%|HC|  |TAMS 0x0000000749200000, 0x0000000749000000| Complete 
|  37|0x0000000749200000, 0x0000000749400000, 0x0000000749400000|100%|HC|  |TAMS 0x0000000749400000, 0x0000000749200000| Complete 
|  38|0x0000000749400000, 0x0000000749600000, 0x0000000749600000|100%|HS|  |TAMS 0x0000000749600000, 0x0000000749400000| Complete 
|  39|0x0000000749600000, 0x0000000749800000, 0x0000000749800000|100%|HC|  |TAMS 0x0000000749800000, 0x0000000749600000| Complete 
|  40|0x0000000749800000, 0x0000000749a00000, 0x0000000749a00000|100%|HC|  |TAMS 0x0000000749a00000, 0x0000000749800000| Complete 
|  41|0x0000000749a00000, 0x0000000749c00000, 0x0000000749c00000|100%|HC|  |TAMS 0x0000000749c00000, 0x0000000749a00000| Complete 
|  42|0x0000000749c00000, 0x0000000749e00000, 0x0000000749e00000|100%|HC|  |TAMS 0x0000000749e00000, 0x0000000749c00000| Complete 
|  43|0x0000000749e00000, 0x000000074a000000, 0x000000074a000000|100%|HC|  |TAMS 0x000000074a000000, 0x0000000749e00000| Complete 
|  44|0x000000074a000000, 0x000000074a200000, 0x000000074a200000|100%|HC|  |TAMS 0x000000074a200000, 0x000000074a000000| Complete 
|  45|0x000000074a200000, 0x000000074a400000, 0x000000074a400000|100%|HC|  |TAMS 0x000000074a400000, 0x000000074a200000| Complete 
|  46|0x000000074a400000, 0x000000074a600000, 0x000000074a600000|100%|HC|  |TAMS 0x000000074a600000, 0x000000074a400000| Complete 
|  47|0x000000074a600000, 0x000000074a800000, 0x000000074a800000|100%|HC|  |TAMS 0x000000074a800000, 0x000000074a600000| Complete 
|  48|0x000000074a800000, 0x000000074aa00000, 0x000000074aa00000|100%|HC|  |TAMS 0x000000074aa00000, 0x000000074a800000| Complete 
|  49|0x000000074aa00000, 0x000000074ac00000, 0x000000074ac00000|100%|HC|  |TAMS 0x000000074ac00000, 0x000000074aa00000| Complete 
|  50|0x000000074ac00000, 0x000000074ae00000, 0x000000074ae00000|100%|HS|  |TAMS 0x000000074ae00000, 0x000000074ac00000| Complete 
|  51|0x000000074ae00000, 0x000000074b000000, 0x000000074b000000|100%|HC|  |TAMS 0x000000074b000000, 0x000000074ae00000| Complete 
|  52|0x000000074b000000, 0x000000074b200000, 0x000000074b200000|100%|HC|  |TAMS 0x000000074b200000, 0x000000074b000000| Complete 
|  53|0x000000074b200000, 0x000000074b400000, 0x000000074b400000|100%|HC|  |TAMS 0x000000074b400000, 0x000000074b200000| Complete 
|  54|0x000000074b400000, 0x000000074b600000, 0x000000074b600000|100%|HC|  |TAMS 0x000000074b600000, 0x000000074b400000| Complete 
|  55|0x000000074b600000, 0x000000074b800000, 0x000000074b800000|100%|HC|  |TAMS 0x000000074b800000, 0x000000074b600000| Complete 
|  56|0x000000074b800000, 0x000000074ba00000, 0x000000074ba00000|100%|HC|  |TAMS 0x000000074ba00000, 0x000000074b800000| Complete 
|  57|0x000000074ba00000, 0x000000074bc00000, 0x000000074bc00000|100%|HC|  |TAMS 0x000000074bc00000, 0x000000074ba00000| Complete 
|  58|0x000000074bc00000, 0x000000074be00000, 0x000000074be00000|100%|HC|  |TAMS 0x000000074be00000, 0x000000074bc00000| Complete 
|  59|0x000000074be00000, 0x000000074c000000, 0x000000074c000000|100%|HS|  |TAMS 0x000000074c000000, 0x000000074be00000| Complete 
|  60|0x000000074c000000, 0x000000074c200000, 0x000000074c200000|100%|HC|  |TAMS 0x000000074c200000, 0x000000074c000000| Complete 
|  61|0x000000074c200000, 0x000000074c400000, 0x000000074c400000|100%|HC|  |TAMS 0x000000074c400000, 0x000000074c200000| Complete 
|  62|0x000000074c400000, 0x000000074c600000, 0x000000074c600000|100%|HC|  |TAMS 0x000000074c600000, 0x000000074c400000| Complete 
|  63|0x000000074c600000, 0x000000074c800000, 0x000000074c800000|100%|HC|  |TAMS 0x000000074c800000, 0x000000074c600000| Complete 
|  64|0x000000074c800000, 0x000000074ca00000, 0x000000074ca00000|100%|HC|  |TAMS 0x000000074ca00000, 0x000000074c800000| Complete 
|  65|0x000000074ca00000, 0x000000074cc00000, 0x000000074cc00000|100%|HC|  |TAMS 0x000000074cc00000, 0x000000074ca00000| Complete 
|  66|0x000000074cc00000, 0x000000074ce00000, 0x000000074ce00000|100%|HC|  |TAMS 0x000000074ce00000, 0x000000074cc00000| Complete 
|  67|0x000000074ce00000, 0x000000074d000000, 0x000000074d000000|100%|HC|  |TAMS 0x000000074d000000, 0x000000074ce00000| Complete 
|  68|0x000000074d000000, 0x000000074d200000, 0x000000074d200000|100%|HS|  |TAMS 0x000000074d200000, 0x000000074d000000| Complete 
|  69|0x000000074d200000, 0x000000074d400000, 0x000000074d400000|100%|HC|  |TAMS 0x000000074d400000, 0x000000074d200000| Complete 
|  70|0x000000074d400000, 0x000000074d600000, 0x000000074d600000|100%|HC|  |TAMS 0x000000074d600000, 0x000000074d400000| Complete 
|  71|0x000000074d600000, 0x000000074d800000, 0x000000074d800000|100%|HC|  |TAMS 0x000000074d800000, 0x000000074d600000| Complete 
|  72|0x000000074d800000, 0x000000074da00000, 0x000000074da00000|100%|HC|  |TAMS 0x000000074da00000, 0x000000074d800000| Complete 
|  73|0x000000074da00000, 0x000000074dc00000, 0x000000074dc00000|100%|HC|  |TAMS 0x000000074dc00000, 0x000000074da00000| Complete 
|  74|0x000000074dc00000, 0x000000074de00000, 0x000000074de00000|100%|HC|  |TAMS 0x000000074de00000, 0x000000074dc00000| Complete 
|  75|0x000000074de00000, 0x000000074e000000, 0x000000074e000000|100%|HC|  |TAMS 0x000000074e000000, 0x000000074de00000| Complete 
|  76|0x000000074e000000, 0x000000074e200000, 0x000000074e200000|100%|HC|  |TAMS 0x000000074e200000, 0x000000074e000000| Complete 
|  77|0x000000074e200000, 0x000000074e200000, 0x000000074e400000|  0%| F|  |TAMS 0x000000074e200000, 0x000000074e200000| Untracked 
|  78|0x000000074e400000, 0x000000074e400000, 0x000000074e600000|  0%| F|  |TAMS 0x000000074e400000, 0x000000074e400000| Untracked 
|  79|0x000000074e600000, 0x000000074e600000, 0x000000074e800000|  0%| F|  |TAMS 0x000000074e600000, 0x000000074e600000| Untracked 
|  80|0x000000074e800000, 0x000000074e800000, 0x000000074ea00000|  0%| F|  |TAMS 0x000000074e800000, 0x000000074e800000| Untracked 
|  81|0x000000074ea00000, 0x000000074ea00000, 0x000000074ec00000|  0%| F|  |TAMS 0x000000074ea00000, 0x000000074ea00000| Untracked 
|  82|0x000000074ec00000, 0x000000074ee00000, 0x000000074ee00000|100%|HS|  |TAMS 0x000000074ee00000, 0x000000074ec00000| Complete 
|  83|0x000000074ee00000, 0x000000074f000000, 0x000000074f000000|100%|HC|  |TAMS 0x000000074f000000, 0x000000074ee00000| Complete 
|  84|0x000000074f000000, 0x000000074f200000, 0x000000074f200000|100%|HC|  |TAMS 0x000000074f200000, 0x000000074f000000| Complete 
|  85|0x000000074f200000, 0x000000074f400000, 0x000000074f400000|100%|HC|  |TAMS 0x000000074f400000, 0x000000074f200000| Complete 
|  86|0x000000074f400000, 0x000000074f600000, 0x000000074f600000|100%|HC|  |TAMS 0x000000074f600000, 0x000000074f400000| Complete 
|  87|0x000000074f600000, 0x000000074f800000, 0x000000074f800000|100%|HC|  |TAMS 0x000000074f800000, 0x000000074f600000| Complete 
|  88|0x000000074f800000, 0x000000074fa00000, 0x000000074fa00000|100%|HC|  |TAMS 0x000000074fa00000, 0x000000074f800000| Complete 
|  89|0x000000074fa00000, 0x000000074fc00000, 0x000000074fc00000|100%|HC|  |TAMS 0x000000074fc00000, 0x000000074fa00000| Complete 
|  90|0x000000074fc00000, 0x000000074fe00000, 0x000000074fe00000|100%|HC|  |TAMS 0x000000074fe00000, 0x000000074fc00000| Complete 
|  91|0x000000074fe00000, 0x0000000750000000, 0x0000000750000000|100%|HC|  |TAMS 0x0000000750000000, 0x000000074fe00000| Complete 
|  92|0x0000000750000000, 0x0000000750200000, 0x0000000750200000|100%|HC|  |TAMS 0x0000000750200000, 0x0000000750000000| Complete 
|  93|0x0000000750200000, 0x0000000750400000, 0x0000000750400000|100%|HC|  |TAMS 0x0000000750400000, 0x0000000750200000| Complete 
|  94|0x0000000750400000, 0x0000000750600000, 0x0000000750600000|100%|HC|  |TAMS 0x0000000750600000, 0x0000000750400000| Complete 
|  95|0x0000000750600000, 0x0000000750800000, 0x0000000750800000|100%|HC|  |TAMS 0x0000000750800000, 0x0000000750600000| Complete 
|  96|0x0000000750800000, 0x0000000750a00000, 0x0000000750a00000|100%|HC|  |TAMS 0x0000000750a00000, 0x0000000750800000| Complete 
|  97|0x0000000750a00000, 0x0000000750c00000, 0x0000000750c00000|100%|HC|  |TAMS 0x0000000750c00000, 0x0000000750a00000| Complete 
|  98|0x0000000750c00000, 0x0000000750e00000, 0x0000000750e00000|100%|HC|  |TAMS 0x0000000750e00000, 0x0000000750c00000| Complete 
|  99|0x0000000750e00000, 0x0000000751000000, 0x0000000751000000|100%|HC|  |TAMS 0x0000000751000000, 0x0000000750e00000| Complete 
| 100|0x0000000751000000, 0x0000000751200000, 0x0000000751200000|100%|HC|  |TAMS 0x0000000751200000, 0x0000000751000000| Complete 
| 101|0x0000000751200000, 0x0000000751400000, 0x0000000751400000|100%|HC|  |TAMS 0x0000000751400000, 0x0000000751200000| Complete 
| 102|0x0000000751400000, 0x0000000751600000, 0x0000000751600000|100%|HC|  |TAMS 0x0000000751600000, 0x0000000751400000| Complete 
| 103|0x0000000751600000, 0x0000000751800000, 0x0000000751800000|100%|HC|  |TAMS 0x0000000751800000, 0x0000000751600000| Complete 
| 104|0x0000000751800000, 0x0000000751a00000, 0x0000000751a00000|100%|HC|  |TAMS 0x0000000751a00000, 0x0000000751800000| Complete 
| 105|0x0000000751a00000, 0x0000000751c00000, 0x0000000751c00000|100%|HC|  |TAMS 0x0000000751c00000, 0x0000000751a00000| Complete 
| 106|0x0000000751c00000, 0x0000000751e00000, 0x0000000751e00000|100%|HC|  |TAMS 0x0000000751e00000, 0x0000000751c00000| Complete 
| 107|0x0000000751e00000, 0x0000000752000000, 0x0000000752000000|100%|HC|  |TAMS 0x0000000752000000, 0x0000000751e00000| Complete 
| 108|0x0000000752000000, 0x0000000752200000, 0x0000000752200000|100%|HC|  |TAMS 0x0000000752200000, 0x0000000752000000| Complete 
| 109|0x0000000752200000, 0x0000000752400000, 0x0000000752400000|100%|HC|  |TAMS 0x0000000752400000, 0x0000000752200000| Complete 
| 110|0x0000000752400000, 0x0000000752600000, 0x0000000752600000|100%|HC|  |TAMS 0x0000000752600000, 0x0000000752400000| Complete 
| 111|0x0000000752600000, 0x0000000752800000, 0x0000000752800000|100%|HC|  |TAMS 0x0000000752800000, 0x0000000752600000| Complete 
| 112|0x0000000752800000, 0x0000000752a00000, 0x0000000752a00000|100%|HC|  |TAMS 0x0000000752a00000, 0x0000000752800000| Complete 
| 113|0x0000000752a00000, 0x0000000752c00000, 0x0000000752c00000|100%|HC|  |TAMS 0x0000000752c00000, 0x0000000752a00000| Complete 
| 114|0x0000000752c00000, 0x0000000752e00000, 0x0000000752e00000|100%|HC|  |TAMS 0x0000000752e00000, 0x0000000752c00000| Complete 
| 115|0x0000000752e00000, 0x0000000753000000, 0x0000000753000000|100%|HC|  |TAMS 0x0000000753000000, 0x0000000752e00000| Complete 
| 116|0x0000000753000000, 0x0000000753200000, 0x0000000753200000|100%|HC|  |TAMS 0x0000000753200000, 0x0000000753000000| Complete 
| 117|0x0000000753200000, 0x0000000753400000, 0x0000000753400000|100%|HC|  |TAMS 0x0000000753400000, 0x0000000753200000| Complete 
| 118|0x0000000753400000, 0x0000000753600000, 0x0000000753600000|100%|HC|  |TAMS 0x0000000753600000, 0x0000000753400000| Complete 
| 119|0x0000000753600000, 0x0000000753800000, 0x0000000753800000|100%|HC|  |TAMS 0x0000000753800000, 0x0000000753600000| Complete 
| 120|0x0000000753800000, 0x0000000753a00000, 0x0000000753a00000|100%|HC|  |TAMS 0x0000000753a00000, 0x0000000753800000| Complete 
| 121|0x0000000753a00000, 0x0000000753c00000, 0x0000000753c00000|100%|HC|  |TAMS 0x0000000753c00000, 0x0000000753a00000| Complete 
| 122|0x0000000753c00000, 0x0000000753e00000, 0x0000000753e00000|100%|HC|  |TAMS 0x0000000753e00000, 0x0000000753c00000| Complete 
| 123|0x0000000753e00000, 0x0000000754000000, 0x0000000754000000|100%|HC|  |TAMS 0x0000000754000000, 0x0000000753e00000| Complete 
| 124|0x0000000754000000, 0x0000000754200000, 0x0000000754200000|100%|HC|  |TAMS 0x0000000754200000, 0x0000000754000000| Complete 
| 125|0x0000000754200000, 0x0000000754400000, 0x0000000754400000|100%|HC|  |TAMS 0x0000000754400000, 0x0000000754200000| Complete 
| 126|0x0000000754400000, 0x0000000754600000, 0x0000000754600000|100%|HC|  |TAMS 0x0000000754600000, 0x0000000754400000| Complete 
| 127|0x0000000754600000, 0x0000000754800000, 0x0000000754800000|100%|HC|  |TAMS 0x0000000754800000, 0x0000000754600000| Complete 
| 128|0x0000000754800000, 0x0000000754a00000, 0x0000000754a00000|100%|HC|  |TAMS 0x0000000754a00000, 0x0000000754800000| Complete 
| 129|0x0000000754a00000, 0x0000000754c00000, 0x0000000754c00000|100%|HC|  |TAMS 0x0000000754c00000, 0x0000000754a00000| Complete 
| 130|0x0000000754c00000, 0x0000000754e00000, 0x0000000754e00000|100%|HC|  |TAMS 0x0000000754e00000, 0x0000000754c00000| Complete 
| 131|0x0000000754e00000, 0x0000000755000000, 0x0000000755000000|100%|HC|  |TAMS 0x0000000755000000, 0x0000000754e00000| Complete 
| 132|0x0000000755000000, 0x0000000755200000, 0x0000000755200000|100%|HC|  |TAMS 0x0000000755200000, 0x0000000755000000| Complete 
| 133|0x0000000755200000, 0x0000000755400000, 0x0000000755400000|100%|HC|  |TAMS 0x0000000755400000, 0x0000000755200000| Complete 
| 134|0x0000000755400000, 0x0000000755600000, 0x0000000755600000|100%|HC|  |TAMS 0x0000000755600000, 0x0000000755400000| Complete 
| 135|0x0000000755600000, 0x0000000755800000, 0x0000000755800000|100%|HC|  |TAMS 0x0000000755800000, 0x0000000755600000| Complete 
| 136|0x0000000755800000, 0x0000000755a00000, 0x0000000755a00000|100%|HC|  |TAMS 0x0000000755a00000, 0x0000000755800000| Complete 
| 137|0x0000000755a00000, 0x0000000755c00000, 0x0000000755c00000|100%|HC|  |TAMS 0x0000000755c00000, 0x0000000755a00000| Complete 
| 138|0x0000000755c00000, 0x0000000755e00000, 0x0000000755e00000|100%|HC|  |TAMS 0x0000000755e00000, 0x0000000755c00000| Complete 
| 139|0x0000000755e00000, 0x0000000756000000, 0x0000000756000000|100%|HC|  |TAMS 0x0000000756000000, 0x0000000755e00000| Complete 
| 140|0x0000000756000000, 0x0000000756200000, 0x0000000756200000|100%|HC|  |TAMS 0x0000000756200000, 0x0000000756000000| Complete 
| 141|0x0000000756200000, 0x0000000756400000, 0x0000000756400000|100%|HC|  |TAMS 0x0000000756400000, 0x0000000756200000| Complete 
| 142|0x0000000756400000, 0x0000000756600000, 0x0000000756600000|100%|HC|  |TAMS 0x0000000756600000, 0x0000000756400000| Complete 
| 143|0x0000000756600000, 0x0000000756800000, 0x0000000756800000|100%|HC|  |TAMS 0x0000000756800000, 0x0000000756600000| Complete 
| 144|0x0000000756800000, 0x0000000756a00000, 0x0000000756a00000|100%|HC|  |TAMS 0x0000000756a00000, 0x0000000756800000| Complete 
| 145|0x0000000756a00000, 0x0000000756c00000, 0x0000000756c00000|100%|HC|  |TAMS 0x0000000756c00000, 0x0000000756a00000| Complete 
| 146|0x0000000756c00000, 0x0000000756e00000, 0x0000000756e00000|100%|HC|  |TAMS 0x0000000756e00000, 0x0000000756c00000| Complete 
| 147|0x0000000756e00000, 0x0000000757000000, 0x0000000757000000|100%|HC|  |TAMS 0x0000000757000000, 0x0000000756e00000| Complete 
| 148|0x0000000757000000, 0x0000000757200000, 0x0000000757200000|100%|HC|  |TAMS 0x0000000757200000, 0x0000000757000000| Complete 
| 149|0x0000000757200000, 0x0000000757400000, 0x0000000757400000|100%|HC|  |TAMS 0x0000000757400000, 0x0000000757200000| Complete 
| 150|0x0000000757400000, 0x0000000757600000, 0x0000000757600000|100%|HC|  |TAMS 0x0000000757600000, 0x0000000757400000| Complete 
| 151|0x0000000757600000, 0x0000000757800000, 0x0000000757800000|100%|HC|  |TAMS 0x0000000757800000, 0x0000000757600000| Complete 
| 152|0x0000000757800000, 0x0000000757a00000, 0x0000000757a00000|100%|HS|  |TAMS 0x0000000757a00000, 0x0000000757800000| Complete 
| 153|0x0000000757a00000, 0x0000000757c00000, 0x0000000757c00000|100%|HC|  |TAMS 0x0000000757c00000, 0x0000000757a00000| Complete 
| 154|0x0000000757c00000, 0x0000000757e00000, 0x0000000757e00000|100%|HC|  |TAMS 0x0000000757e00000, 0x0000000757c00000| Complete 
| 155|0x0000000757e00000, 0x0000000758000000, 0x0000000758000000|100%|HC|  |TAMS 0x0000000758000000, 0x0000000757e00000| Complete 
| 156|0x0000000758000000, 0x0000000758200000, 0x0000000758200000|100%|HC|  |TAMS 0x0000000758200000, 0x0000000758000000| Complete 
| 157|0x0000000758200000, 0x0000000758400000, 0x0000000758400000|100%|HC|  |TAMS 0x0000000758400000, 0x0000000758200000| Complete 
| 158|0x0000000758400000, 0x0000000758600000, 0x0000000758600000|100%|HC|  |TAMS 0x0000000758600000, 0x0000000758400000| Complete 
| 159|0x0000000758600000, 0x0000000758800000, 0x0000000758800000|100%|HC|  |TAMS 0x0000000758800000, 0x0000000758600000| Complete 
| 160|0x0000000758800000, 0x0000000758a00000, 0x0000000758a00000|100%|HC|  |TAMS 0x0000000758a00000, 0x0000000758800000| Complete 
| 161|0x0000000758a00000, 0x0000000758a00000, 0x0000000758c00000|  0%| F|  |TAMS 0x0000000758a00000, 0x0000000758a00000| Untracked 
| 162|0x0000000758c00000, 0x0000000758e00000, 0x0000000758e00000|100%|HS|  |TAMS 0x0000000758e00000, 0x0000000758c00000| Complete 
| 163|0x0000000758e00000, 0x0000000759000000, 0x0000000759000000|100%|HC|  |TAMS 0x0000000759000000, 0x0000000758e00000| Complete 
| 164|0x0000000759000000, 0x0000000759200000, 0x0000000759200000|100%|HC|  |TAMS 0x0000000759200000, 0x0000000759000000| Complete 
| 165|0x0000000759200000, 0x0000000759400000, 0x0000000759400000|100%|HC|  |TAMS 0x0000000759400000, 0x0000000759200000| Complete 
| 166|0x0000000759400000, 0x0000000759600000, 0x0000000759600000|100%|HC|  |TAMS 0x0000000759600000, 0x0000000759400000| Complete 
| 167|0x0000000759600000, 0x0000000759800000, 0x0000000759800000|100%|HC|  |TAMS 0x0000000759800000, 0x0000000759600000| Complete 
| 168|0x0000000759800000, 0x0000000759a00000, 0x0000000759a00000|100%|HC|  |TAMS 0x0000000759a00000, 0x0000000759800000| Complete 
| 169|0x0000000759a00000, 0x0000000759c00000, 0x0000000759c00000|100%|HC|  |TAMS 0x0000000759c00000, 0x0000000759a00000| Complete 
| 170|0x0000000759c00000, 0x0000000759e00000, 0x0000000759e00000|100%|HC|  |TAMS 0x0000000759e00000, 0x0000000759c00000| Complete 
| 171|0x0000000759e00000, 0x000000075a000000, 0x000000075a000000|100%|HC|  |TAMS 0x000000075a000000, 0x0000000759e00000| Complete 
| 172|0x000000075a000000, 0x000000075a200000, 0x000000075a200000|100%|HC|  |TAMS 0x000000075a200000, 0x000000075a000000| Complete 
| 173|0x000000075a200000, 0x000000075a400000, 0x000000075a400000|100%|HC|  |TAMS 0x000000075a400000, 0x000000075a200000| Complete 
| 174|0x000000075a400000, 0x000000075a600000, 0x000000075a600000|100%|HC|  |TAMS 0x000000075a600000, 0x000000075a400000| Complete 
| 175|0x000000075a600000, 0x000000075a800000, 0x000000075a800000|100%|HC|  |TAMS 0x000000075a800000, 0x000000075a600000| Complete 
| 176|0x000000075a800000, 0x000000075aa00000, 0x000000075aa00000|100%|HC|  |TAMS 0x000000075aa00000, 0x000000075a800000| Complete 
| 177|0x000000075aa00000, 0x000000075ac00000, 0x000000075ac00000|100%|HC|  |TAMS 0x000000075ac00000, 0x000000075aa00000| Complete 
| 178|0x000000075ac00000, 0x000000075ae00000, 0x000000075ae00000|100%|HC|  |TAMS 0x000000075ae00000, 0x000000075ac00000| Complete 
| 179|0x000000075ae00000, 0x000000075b000000, 0x000000075b000000|100%|HC|  |TAMS 0x000000075b000000, 0x000000075ae00000| Complete 
| 180|0x000000075b000000, 0x000000075b200000, 0x000000075b200000|100%|HC|  |TAMS 0x000000075b200000, 0x000000075b000000| Complete 
| 181|0x000000075b200000, 0x000000075b400000, 0x000000075b400000|100%|HC|  |TAMS 0x000000075b400000, 0x000000075b200000| Complete 
| 182|0x000000075b400000, 0x000000075b600000, 0x000000075b600000|100%|HC|  |TAMS 0x000000075b600000, 0x000000075b400000| Complete 
| 183|0x000000075b600000, 0x000000075b800000, 0x000000075b800000|100%|HC|  |TAMS 0x000000075b800000, 0x000000075b600000| Complete 
| 184|0x000000075b800000, 0x000000075ba00000, 0x000000075ba00000|100%|HC|  |TAMS 0x000000075ba00000, 0x000000075b800000| Complete 
| 185|0x000000075ba00000, 0x000000075bc00000, 0x000000075bc00000|100%|HC|  |TAMS 0x000000075bc00000, 0x000000075ba00000| Complete 
| 186|0x000000075bc00000, 0x000000075be00000, 0x000000075be00000|100%|HC|  |TAMS 0x000000075be00000, 0x000000075bc00000| Complete 
| 187|0x000000075be00000, 0x000000075c000000, 0x000000075c000000|100%|HC|  |TAMS 0x000000075c000000, 0x000000075be00000| Complete 
| 188|0x000000075c000000, 0x000000075c200000, 0x000000075c200000|100%|HC|  |TAMS 0x000000075c200000, 0x000000075c000000| Complete 
| 189|0x000000075c200000, 0x000000075c400000, 0x000000075c400000|100%|HC|  |TAMS 0x000000075c400000, 0x000000075c200000| Complete 
| 190|0x000000075c400000, 0x000000075c600000, 0x000000075c600000|100%|HC|  |TAMS 0x000000075c600000, 0x000000075c400000| Complete 
| 191|0x000000075c600000, 0x000000075c800000, 0x000000075c800000|100%|HC|  |TAMS 0x000000075c800000, 0x000000075c600000| Complete 
| 192|0x000000075c800000, 0x000000075ca00000, 0x000000075ca00000|100%|HC|  |TAMS 0x000000075ca00000, 0x000000075c800000| Complete 
| 193|0x000000075ca00000, 0x000000075cc00000, 0x000000075cc00000|100%|HC|  |TAMS 0x000000075cc00000, 0x000000075ca00000| Complete 
| 194|0x000000075cc00000, 0x000000075ce00000, 0x000000075ce00000|100%|HC|  |TAMS 0x000000075ce00000, 0x000000075cc00000| Complete 
| 195|0x000000075ce00000, 0x000000075d000000, 0x000000075d000000|100%|HC|  |TAMS 0x000000075d000000, 0x000000075ce00000| Complete 
| 196|0x000000075d000000, 0x000000075d200000, 0x000000075d200000|100%|HC|  |TAMS 0x000000075d200000, 0x000000075d000000| Complete 
| 197|0x000000075d200000, 0x000000075d400000, 0x000000075d400000|100%|HC|  |TAMS 0x000000075d400000, 0x000000075d200000| Complete 
| 198|0x000000075d400000, 0x000000075d600000, 0x000000075d600000|100%|HC|  |TAMS 0x000000075d600000, 0x000000075d400000| Complete 
| 199|0x000000075d600000, 0x000000075d800000, 0x000000075d800000|100%|HC|  |TAMS 0x000000075d800000, 0x000000075d600000| Complete 
| 200|0x000000075d800000, 0x000000075da00000, 0x000000075da00000|100%|HC|  |TAMS 0x000000075da00000, 0x000000075d800000| Complete 
| 201|0x000000075da00000, 0x000000075dc00000, 0x000000075dc00000|100%|HC|  |TAMS 0x000000075dc00000, 0x000000075da00000| Complete 
| 202|0x000000075dc00000, 0x000000075de00000, 0x000000075de00000|100%|HC|  |TAMS 0x000000075de00000, 0x000000075dc00000| Complete 
| 203|0x000000075de00000, 0x000000075e000000, 0x000000075e000000|100%|HC|  |TAMS 0x000000075e000000, 0x000000075de00000| Complete 
| 204|0x000000075e000000, 0x000000075e200000, 0x000000075e200000|100%|HC|  |TAMS 0x000000075e200000, 0x000000075e000000| Complete 
| 205|0x000000075e200000, 0x000000075e400000, 0x000000075e400000|100%|HC|  |TAMS 0x000000075e400000, 0x000000075e200000| Complete 
| 206|0x000000075e400000, 0x000000075e600000, 0x000000075e600000|100%|HC|  |TAMS 0x000000075e600000, 0x000000075e400000| Complete 
| 207|0x000000075e600000, 0x000000075e800000, 0x000000075e800000|100%|HC|  |TAMS 0x000000075e800000, 0x000000075e600000| Complete 
| 208|0x000000075e800000, 0x000000075ea00000, 0x000000075ea00000|100%|HC|  |TAMS 0x000000075ea00000, 0x000000075e800000| Complete 
| 209|0x000000075ea00000, 0x000000075ec00000, 0x000000075ec00000|100%|HC|  |TAMS 0x000000075ec00000, 0x000000075ea00000| Complete 
| 210|0x000000075ec00000, 0x000000075ee00000, 0x000000075ee00000|100%|HC|  |TAMS 0x000000075ee00000, 0x000000075ec00000| Complete 
| 211|0x000000075ee00000, 0x000000075f000000, 0x000000075f000000|100%|HC|  |TAMS 0x000000075f000000, 0x000000075ee00000| Complete 
| 212|0x000000075f000000, 0x000000075f200000, 0x000000075f200000|100%|HC|  |TAMS 0x000000075f200000, 0x000000075f000000| Complete 
| 213|0x000000075f200000, 0x000000075f400000, 0x000000075f400000|100%|HC|  |TAMS 0x000000075f400000, 0x000000075f200000| Complete 
| 214|0x000000075f400000, 0x000000075f600000, 0x000000075f600000|100%|HC|  |TAMS 0x000000075f600000, 0x000000075f400000| Complete 
| 215|0x000000075f600000, 0x000000075f800000, 0x000000075f800000|100%|HC|  |TAMS 0x000000075f800000, 0x000000075f600000| Complete 
| 216|0x000000075f800000, 0x000000075fa00000, 0x000000075fa00000|100%|HC|  |TAMS 0x000000075fa00000, 0x000000075f800000| Complete 
| 217|0x000000075fa00000, 0x000000075fc00000, 0x000000075fc00000|100%|HC|  |TAMS 0x000000075fc00000, 0x000000075fa00000| Complete 
| 218|0x000000075fc00000, 0x000000075fe00000, 0x000000075fe00000|100%|HC|  |TAMS 0x000000075fe00000, 0x000000075fc00000| Complete 
| 219|0x000000075fe00000, 0x0000000760000000, 0x0000000760000000|100%|HC|  |TAMS 0x0000000760000000, 0x000000075fe00000| Complete 
| 220|0x0000000760000000, 0x0000000760200000, 0x0000000760200000|100%|HC|  |TAMS 0x0000000760200000, 0x0000000760000000| Complete 
| 221|0x0000000760200000, 0x0000000760400000, 0x0000000760400000|100%|HC|  |TAMS 0x0000000760400000, 0x0000000760200000| Complete 
| 222|0x0000000760400000, 0x0000000760600000, 0x0000000760600000|100%|HC|  |TAMS 0x0000000760600000, 0x0000000760400000| Complete 
| 223|0x0000000760600000, 0x0000000760800000, 0x0000000760800000|100%|HC|  |TAMS 0x0000000760800000, 0x0000000760600000| Complete 
| 224|0x0000000760800000, 0x0000000760a00000, 0x0000000760a00000|100%|HC|  |TAMS 0x0000000760a00000, 0x0000000760800000| Complete 
| 225|0x0000000760a00000, 0x0000000760c00000, 0x0000000760c00000|100%|HC|  |TAMS 0x0000000760c00000, 0x0000000760a00000| Complete 
| 226|0x0000000760c00000, 0x0000000760e00000, 0x0000000760e00000|100%|HC|  |TAMS 0x0000000760e00000, 0x0000000760c00000| Complete 
| 227|0x0000000760e00000, 0x0000000761000000, 0x0000000761000000|100%|HC|  |TAMS 0x0000000761000000, 0x0000000760e00000| Complete 
| 228|0x0000000761000000, 0x0000000761200000, 0x0000000761200000|100%|HC|  |TAMS 0x0000000761200000, 0x0000000761000000| Complete 
| 229|0x0000000761200000, 0x0000000761400000, 0x0000000761400000|100%|HC|  |TAMS 0x0000000761400000, 0x0000000761200000| Complete 
| 230|0x0000000761400000, 0x0000000761600000, 0x0000000761600000|100%|HC|  |TAMS 0x0000000761600000, 0x0000000761400000| Complete 
| 231|0x0000000761600000, 0x0000000761800000, 0x0000000761800000|100%|HC|  |TAMS 0x0000000761800000, 0x0000000761600000| Complete 
| 232|0x0000000761800000, 0x0000000761a00000, 0x0000000761a00000|100%|HS|  |TAMS 0x0000000761800000, 0x0000000761800000| Complete 
| 233|0x0000000761a00000, 0x0000000761c00000, 0x0000000761c00000|100%|HC|  |TAMS 0x0000000761a00000, 0x0000000761a00000| Complete 
| 234|0x0000000761c00000, 0x0000000761e00000, 0x0000000761e00000|100%|HC|  |TAMS 0x0000000761c00000, 0x0000000761c00000| Complete 
| 235|0x0000000761e00000, 0x0000000762000000, 0x0000000762000000|100%|HC|  |TAMS 0x0000000761e00000, 0x0000000761e00000| Complete 
| 236|0x0000000762000000, 0x0000000762200000, 0x0000000762200000|100%|HC|  |TAMS 0x0000000762000000, 0x0000000762000000| Complete 
| 237|0x0000000762200000, 0x0000000762400000, 0x0000000762400000|100%|HC|  |TAMS 0x0000000762200000, 0x0000000762200000| Complete 
| 238|0x0000000762400000, 0x0000000762600000, 0x0000000762600000|100%|HC|  |TAMS 0x0000000762400000, 0x0000000762400000| Complete 
| 239|0x0000000762600000, 0x0000000762800000, 0x0000000762800000|100%|HC|  |TAMS 0x0000000762600000, 0x0000000762600000| Complete 
| 240|0x0000000762800000, 0x0000000762a00000, 0x0000000762a00000|100%|HC|  |TAMS 0x0000000762800000, 0x0000000762800000| Complete 
| 241|0x0000000762a00000, 0x0000000762a00000, 0x0000000762c00000|  0%| F|  |TAMS 0x0000000762a00000, 0x0000000762a00000| Untracked 
| 242|0x0000000762c00000, 0x0000000762c00000, 0x0000000762e00000|  0%| F|  |TAMS 0x0000000762c00000, 0x0000000762c00000| Untracked 
| 243|0x0000000762e00000, 0x0000000762e00000, 0x0000000763000000|  0%| F|  |TAMS 0x0000000762e00000, 0x0000000762e00000| Untracked 
| 244|0x0000000763000000, 0x0000000763000000, 0x0000000763200000|  0%| F|  |TAMS 0x0000000763000000, 0x0000000763000000| Untracked 
| 245|0x0000000763200000, 0x0000000763200000, 0x0000000763400000|  0%| F|  |TAMS 0x0000000763200000, 0x0000000763200000| Untracked 
| 246|0x0000000763400000, 0x0000000763400000, 0x0000000763600000|  0%| F|  |TAMS 0x0000000763400000, 0x0000000763400000| Untracked 
| 247|0x0000000763600000, 0x0000000763600000, 0x0000000763800000|  0%| F|  |TAMS 0x0000000763600000, 0x0000000763600000| Untracked 
| 248|0x0000000763800000, 0x0000000763800000, 0x0000000763a00000|  0%| F|  |TAMS 0x0000000763800000, 0x0000000763800000| Untracked 
| 249|0x0000000763a00000, 0x0000000763a00000, 0x0000000763c00000|  0%| F|  |TAMS 0x0000000763a00000, 0x0000000763a00000| Untracked 
| 250|0x0000000763c00000, 0x0000000763c00000, 0x0000000763e00000|  0%| F|  |TAMS 0x0000000763c00000, 0x0000000763c00000| Untracked 
| 251|0x0000000763e00000, 0x0000000763e00000, 0x0000000764000000|  0%| F|  |TAMS 0x0000000763e00000, 0x0000000763e00000| Untracked 
| 252|0x0000000764000000, 0x0000000764000000, 0x0000000764200000|  0%| F|  |TAMS 0x0000000764000000, 0x0000000764000000| Untracked 
| 253|0x0000000764200000, 0x0000000764200000, 0x0000000764400000|  0%| F|  |TAMS 0x0000000764200000, 0x0000000764200000| Untracked 
| 254|0x0000000764400000, 0x0000000764400000, 0x0000000764600000|  0%| F|  |TAMS 0x0000000764400000, 0x0000000764400000| Untracked 
| 255|0x0000000764600000, 0x0000000764600000, 0x0000000764800000|  0%| F|  |TAMS 0x0000000764600000, 0x0000000764600000| Untracked 
| 256|0x0000000764800000, 0x0000000764800000, 0x0000000764a00000|  0%| F|  |TAMS 0x0000000764800000, 0x0000000764800000| Untracked 
| 257|0x0000000764a00000, 0x0000000764a00000, 0x0000000764c00000|  0%| F|  |TAMS 0x0000000764a00000, 0x0000000764a00000| Untracked 
| 258|0x0000000764c00000, 0x0000000764c00000, 0x0000000764e00000|  0%| F|  |TAMS 0x0000000764c00000, 0x0000000764c00000| Untracked 
| 259|0x0000000764e00000, 0x0000000764e00000, 0x0000000765000000|  0%| F|  |TAMS 0x0000000764e00000, 0x0000000764e00000| Untracked 
| 260|0x0000000765000000, 0x0000000765000000, 0x0000000765200000|  0%| F|  |TAMS 0x0000000765000000, 0x0000000765000000| Untracked 
| 261|0x0000000765200000, 0x0000000765200000, 0x0000000765400000|  0%| F|  |TAMS 0x0000000765200000, 0x0000000765200000| Untracked 
| 262|0x0000000765400000, 0x0000000765400000, 0x0000000765600000|  0%| F|  |TAMS 0x0000000765400000, 0x0000000765400000| Untracked 
| 263|0x0000000765600000, 0x0000000765600000, 0x0000000765800000|  0%| F|  |TAMS 0x0000000765600000, 0x0000000765600000| Untracked 
| 264|0x0000000765800000, 0x0000000765800000, 0x0000000765a00000|  0%| F|  |TAMS 0x0000000765800000, 0x0000000765800000| Untracked 
| 265|0x0000000765a00000, 0x0000000765a00000, 0x0000000765c00000|  0%| F|  |TAMS 0x0000000765a00000, 0x0000000765a00000| Untracked 
| 266|0x0000000765c00000, 0x0000000765c00000, 0x0000000765e00000|  0%| F|  |TAMS 0x0000000765c00000, 0x0000000765c00000| Untracked 
| 267|0x0000000765e00000, 0x0000000765e00000, 0x0000000766000000|  0%| F|  |TAMS 0x0000000765e00000, 0x0000000765e00000| Untracked 
| 268|0x0000000766000000, 0x0000000766000000, 0x0000000766200000|  0%| F|  |TAMS 0x0000000766000000, 0x0000000766000000| Untracked 
| 269|0x0000000766200000, 0x0000000766200000, 0x0000000766400000|  0%| F|  |TAMS 0x0000000766200000, 0x0000000766200000| Untracked 
| 270|0x0000000766400000, 0x0000000766400000, 0x0000000766600000|  0%| F|  |TAMS 0x0000000766400000, 0x0000000766400000| Untracked 
| 271|0x0000000766600000, 0x0000000766600000, 0x0000000766800000|  0%| F|  |TAMS 0x0000000766600000, 0x0000000766600000| Untracked 
| 272|0x0000000766800000, 0x0000000766800000, 0x0000000766a00000|  0%| F|  |TAMS 0x0000000766800000, 0x0000000766800000| Untracked 
| 273|0x0000000766a00000, 0x0000000766a00000, 0x0000000766c00000|  0%| F|  |TAMS 0x0000000766a00000, 0x0000000766a00000| Untracked 
| 274|0x0000000766c00000, 0x0000000766c00000, 0x0000000766e00000|  0%| F|  |TAMS 0x0000000766c00000, 0x0000000766c00000| Untracked 
| 275|0x0000000766e00000, 0x0000000766e00000, 0x0000000767000000|  0%| F|  |TAMS 0x0000000766e00000, 0x0000000766e00000| Untracked 
| 276|0x0000000767000000, 0x0000000767000000, 0x0000000767200000|  0%| F|  |TAMS 0x0000000767000000, 0x0000000767000000| Untracked 
| 277|0x0000000767200000, 0x0000000767200000, 0x0000000767400000|  0%| F|  |TAMS 0x0000000767200000, 0x0000000767200000| Untracked 
| 278|0x0000000767400000, 0x0000000767400000, 0x0000000767600000|  0%| F|  |TAMS 0x0000000767400000, 0x0000000767400000| Untracked 
| 279|0x0000000767600000, 0x0000000767600000, 0x0000000767800000|  0%| F|  |TAMS 0x0000000767600000, 0x0000000767600000| Untracked 
| 280|0x0000000767800000, 0x0000000767800000, 0x0000000767a00000|  0%| F|  |TAMS 0x0000000767800000, 0x0000000767800000| Untracked 
| 281|0x0000000767a00000, 0x0000000767a00000, 0x0000000767c00000|  0%| F|  |TAMS 0x0000000767a00000, 0x0000000767a00000| Untracked 
| 282|0x0000000767c00000, 0x0000000767c00000, 0x0000000767e00000|  0%| F|  |TAMS 0x0000000767c00000, 0x0000000767c00000| Untracked 
| 283|0x0000000767e00000, 0x0000000767e00000, 0x0000000768000000|  0%| F|  |TAMS 0x0000000767e00000, 0x0000000767e00000| Untracked 
| 284|0x0000000768000000, 0x0000000768000000, 0x0000000768200000|  0%| F|  |TAMS 0x0000000768000000, 0x0000000768000000| Untracked 
| 285|0x0000000768200000, 0x0000000768200000, 0x0000000768400000|  0%| F|  |TAMS 0x0000000768200000, 0x0000000768200000| Untracked 
| 286|0x0000000768400000, 0x0000000768400000, 0x0000000768600000|  0%| F|  |TAMS 0x0000000768400000, 0x0000000768400000| Untracked 
| 287|0x0000000768600000, 0x0000000768600000, 0x0000000768800000|  0%| F|  |TAMS 0x0000000768600000, 0x0000000768600000| Untracked 
| 288|0x0000000768800000, 0x0000000768800000, 0x0000000768a00000|  0%| F|  |TAMS 0x0000000768800000, 0x0000000768800000| Untracked 
| 289|0x0000000768a00000, 0x0000000768a00000, 0x0000000768c00000|  0%| F|  |TAMS 0x0000000768a00000, 0x0000000768a00000| Untracked 
| 290|0x0000000768c00000, 0x0000000768c00000, 0x0000000768e00000|  0%| F|  |TAMS 0x0000000768c00000, 0x0000000768c00000| Untracked 
| 291|0x0000000768e00000, 0x0000000768e00000, 0x0000000769000000|  0%| F|  |TAMS 0x0000000768e00000, 0x0000000768e00000| Untracked 
| 292|0x0000000769000000, 0x0000000769000000, 0x0000000769200000|  0%| F|  |TAMS 0x0000000769000000, 0x0000000769000000| Untracked 
| 293|0x0000000769200000, 0x0000000769200000, 0x0000000769400000|  0%| F|  |TAMS 0x0000000769200000, 0x0000000769200000| Untracked 
| 294|0x0000000769400000, 0x0000000769400000, 0x0000000769600000|  0%| F|  |TAMS 0x0000000769400000, 0x0000000769400000| Untracked 
| 295|0x0000000769600000, 0x0000000769600000, 0x0000000769800000|  0%| F|  |TAMS 0x0000000769600000, 0x0000000769600000| Untracked 
| 296|0x0000000769800000, 0x0000000769800000, 0x0000000769a00000|  0%| F|  |TAMS 0x0000000769800000, 0x0000000769800000| Untracked 
| 297|0x0000000769a00000, 0x0000000769a00000, 0x0000000769c00000|  0%| F|  |TAMS 0x0000000769a00000, 0x0000000769a00000| Untracked 
| 298|0x0000000769c00000, 0x0000000769c00000, 0x0000000769e00000|  0%| F|  |TAMS 0x0000000769c00000, 0x0000000769c00000| Untracked 
| 299|0x0000000769e00000, 0x0000000769e00000, 0x000000076a000000|  0%| F|  |TAMS 0x0000000769e00000, 0x0000000769e00000| Untracked 
| 300|0x000000076a000000, 0x000000076a000000, 0x000000076a200000|  0%| F|  |TAMS 0x000000076a000000, 0x000000076a000000| Untracked 
| 301|0x000000076a200000, 0x000000076a200000, 0x000000076a400000|  0%| F|  |TAMS 0x000000076a200000, 0x000000076a200000| Untracked 
| 302|0x000000076a400000, 0x000000076a400000, 0x000000076a600000|  0%| F|  |TAMS 0x000000076a400000, 0x000000076a400000| Untracked 
| 303|0x000000076a600000, 0x000000076a600000, 0x000000076a800000|  0%| F|  |TAMS 0x000000076a600000, 0x000000076a600000| Untracked 
| 304|0x000000076a800000, 0x000000076a800000, 0x000000076aa00000|  0%| F|  |TAMS 0x000000076a800000, 0x000000076a800000| Untracked 
| 305|0x000000076aa00000, 0x000000076aa00000, 0x000000076ac00000|  0%| F|  |TAMS 0x000000076aa00000, 0x000000076aa00000| Untracked 
| 306|0x000000076ac00000, 0x000000076ac00000, 0x000000076ae00000|  0%| F|  |TAMS 0x000000076ac00000, 0x000000076ac00000| Untracked 
| 307|0x000000076ae00000, 0x000000076ae00000, 0x000000076b000000|  0%| F|  |TAMS 0x000000076ae00000, 0x000000076ae00000| Untracked 
| 308|0x000000076b000000, 0x000000076b000000, 0x000000076b200000|  0%| F|  |TAMS 0x000000076b000000, 0x000000076b000000| Untracked 
| 309|0x000000076b200000, 0x000000076b200000, 0x000000076b400000|  0%| F|  |TAMS 0x000000076b200000, 0x000000076b200000| Untracked 
| 310|0x000000076b400000, 0x000000076b400000, 0x000000076b600000|  0%| F|  |TAMS 0x000000076b400000, 0x000000076b400000| Untracked 
| 311|0x000000076b600000, 0x000000076b600000, 0x000000076b800000|  0%| F|  |TAMS 0x000000076b600000, 0x000000076b600000| Untracked 
| 312|0x000000076b800000, 0x000000076b800000, 0x000000076ba00000|  0%| F|  |TAMS 0x000000076b800000, 0x000000076b800000| Untracked 
| 313|0x000000076ba00000, 0x000000076ba00000, 0x000000076bc00000|  0%| F|  |TAMS 0x000000076ba00000, 0x000000076ba00000| Untracked 
| 314|0x000000076bc00000, 0x000000076bc00000, 0x000000076be00000|  0%| F|  |TAMS 0x000000076bc00000, 0x000000076bc00000| Untracked 
| 315|0x000000076be00000, 0x000000076be00000, 0x000000076c000000|  0%| F|  |TAMS 0x000000076be00000, 0x000000076be00000| Untracked 
| 316|0x000000076c000000, 0x000000076c000000, 0x000000076c200000|  0%| F|  |TAMS 0x000000076c000000, 0x000000076c000000| Untracked 
| 317|0x000000076c200000, 0x000000076c200000, 0x000000076c400000|  0%| F|  |TAMS 0x000000076c200000, 0x000000076c200000| Untracked 
| 318|0x000000076c400000, 0x000000076c400000, 0x000000076c600000|  0%| F|  |TAMS 0x000000076c400000, 0x000000076c400000| Untracked 
| 319|0x000000076c600000, 0x000000076c600000, 0x000000076c800000|  0%| F|  |TAMS 0x000000076c600000, 0x000000076c600000| Untracked 
| 320|0x000000076c800000, 0x000000076c800000, 0x000000076ca00000|  0%| F|  |TAMS 0x000000076c800000, 0x000000076c800000| Untracked 
| 321|0x000000076ca00000, 0x000000076ca00000, 0x000000076cc00000|  0%| F|  |TAMS 0x000000076ca00000, 0x000000076ca00000| Untracked 
| 322|0x000000076cc00000, 0x000000076cc00000, 0x000000076ce00000|  0%| F|  |TAMS 0x000000076cc00000, 0x000000076cc00000| Untracked 
| 323|0x000000076ce00000, 0x000000076ce00000, 0x000000076d000000|  0%| F|  |TAMS 0x000000076ce00000, 0x000000076ce00000| Untracked 
| 324|0x000000076d000000, 0x000000076d000000, 0x000000076d200000|  0%| F|  |TAMS 0x000000076d000000, 0x000000076d000000| Untracked 
| 325|0x000000076d200000, 0x000000076d200000, 0x000000076d400000|  0%| F|  |TAMS 0x000000076d200000, 0x000000076d200000| Untracked 
| 326|0x000000076d400000, 0x000000076d400000, 0x000000076d600000|  0%| F|  |TAMS 0x000000076d400000, 0x000000076d400000| Untracked 
| 327|0x000000076d600000, 0x000000076d600000, 0x000000076d800000|  0%| F|  |TAMS 0x000000076d600000, 0x000000076d600000| Untracked 
| 328|0x000000076d800000, 0x000000076d800000, 0x000000076da00000|  0%| F|  |TAMS 0x000000076d800000, 0x000000076d800000| Untracked 
| 329|0x000000076da00000, 0x000000076da00000, 0x000000076dc00000|  0%| F|  |TAMS 0x000000076da00000, 0x000000076da00000| Untracked 
| 330|0x000000076dc00000, 0x000000076dc00000, 0x000000076de00000|  0%| F|  |TAMS 0x000000076dc00000, 0x000000076dc00000| Untracked 
| 331|0x000000076de00000, 0x000000076de00000, 0x000000076e000000|  0%| F|  |TAMS 0x000000076de00000, 0x000000076de00000| Untracked 
| 332|0x000000076e000000, 0x000000076e000000, 0x000000076e200000|  0%| F|  |TAMS 0x000000076e000000, 0x000000076e000000| Untracked 
| 333|0x000000076e200000, 0x000000076e200000, 0x000000076e400000|  0%| F|  |TAMS 0x000000076e200000, 0x000000076e200000| Untracked 
| 334|0x000000076e400000, 0x000000076e400000, 0x000000076e600000|  0%| F|  |TAMS 0x000000076e400000, 0x000000076e400000| Untracked 
| 335|0x000000076e600000, 0x000000076e600000, 0x000000076e800000|  0%| F|  |TAMS 0x000000076e600000, 0x000000076e600000| Untracked 
| 336|0x000000076e800000, 0x000000076e800000, 0x000000076ea00000|  0%| F|  |TAMS 0x000000076e800000, 0x000000076e800000| Untracked 
| 337|0x000000076ea00000, 0x000000076ea00000, 0x000000076ec00000|  0%| F|  |TAMS 0x000000076ea00000, 0x000000076ea00000| Untracked 
| 338|0x000000076ec00000, 0x000000076ec00000, 0x000000076ee00000|  0%| F|  |TAMS 0x000000076ec00000, 0x000000076ec00000| Untracked 
| 339|0x000000076ee00000, 0x000000076ee00000, 0x000000076f000000|  0%| F|  |TAMS 0x000000076ee00000, 0x000000076ee00000| Untracked 
| 340|0x000000076f000000, 0x000000076f000000, 0x000000076f200000|  0%| F|  |TAMS 0x000000076f000000, 0x000000076f000000| Untracked 
| 341|0x000000076f200000, 0x000000076f200000, 0x000000076f400000|  0%| F|  |TAMS 0x000000076f200000, 0x000000076f200000| Untracked 
| 342|0x000000076f400000, 0x000000076f400000, 0x000000076f600000|  0%| F|  |TAMS 0x000000076f400000, 0x000000076f400000| Untracked 
| 343|0x000000076f600000, 0x000000076f600000, 0x000000076f800000|  0%| F|  |TAMS 0x000000076f600000, 0x000000076f600000| Untracked 
| 344|0x000000076f800000, 0x000000076f800000, 0x000000076fa00000|  0%| F|  |TAMS 0x000000076f800000, 0x000000076f800000| Untracked 
| 345|0x000000076fa00000, 0x000000076fa00000, 0x000000076fc00000|  0%| F|  |TAMS 0x000000076fa00000, 0x000000076fa00000| Untracked 
| 346|0x000000076fc00000, 0x000000076fc00000, 0x000000076fe00000|  0%| F|  |TAMS 0x000000076fc00000, 0x000000076fc00000| Untracked 
| 347|0x000000076fe00000, 0x000000076fe00000, 0x0000000770000000|  0%| F|  |TAMS 0x000000076fe00000, 0x000000076fe00000| Untracked 
| 348|0x0000000770000000, 0x0000000770000000, 0x0000000770200000|  0%| F|  |TAMS 0x0000000770000000, 0x0000000770000000| Untracked 
| 349|0x0000000770200000, 0x0000000770200000, 0x0000000770400000|  0%| F|  |TAMS 0x0000000770200000, 0x0000000770200000| Untracked 
| 350|0x0000000770400000, 0x0000000770400000, 0x0000000770600000|  0%| F|  |TAMS 0x0000000770400000, 0x0000000770400000| Untracked 
| 351|0x0000000770600000, 0x0000000770600000, 0x0000000770800000|  0%| F|  |TAMS 0x0000000770600000, 0x0000000770600000| Untracked 
| 352|0x0000000770800000, 0x0000000770800000, 0x0000000770a00000|  0%| F|  |TAMS 0x0000000770800000, 0x0000000770800000| Untracked 
| 353|0x0000000770a00000, 0x0000000770a00000, 0x0000000770c00000|  0%| F|  |TAMS 0x0000000770a00000, 0x0000000770a00000| Untracked 
| 354|0x0000000770c00000, 0x0000000770c00000, 0x0000000770e00000|  0%| F|  |TAMS 0x0000000770c00000, 0x0000000770c00000| Untracked 
| 355|0x0000000770e00000, 0x0000000770e00000, 0x0000000771000000|  0%| F|  |TAMS 0x0000000770e00000, 0x0000000770e00000| Untracked 
| 356|0x0000000771000000, 0x0000000771000000, 0x0000000771200000|  0%| F|  |TAMS 0x0000000771000000, 0x0000000771000000| Untracked 
| 357|0x0000000771200000, 0x0000000771200000, 0x0000000771400000|  0%| F|  |TAMS 0x0000000771200000, 0x0000000771200000| Untracked 
| 358|0x0000000771400000, 0x0000000771400000, 0x0000000771600000|  0%| F|  |TAMS 0x0000000771400000, 0x0000000771400000| Untracked 
| 359|0x0000000771600000, 0x0000000771600000, 0x0000000771800000|  0%| F|  |TAMS 0x0000000771600000, 0x0000000771600000| Untracked 
| 360|0x0000000771800000, 0x0000000771800000, 0x0000000771a00000|  0%| F|  |TAMS 0x0000000771800000, 0x0000000771800000| Untracked 
| 361|0x0000000771a00000, 0x0000000771a00000, 0x0000000771c00000|  0%| F|  |TAMS 0x0000000771a00000, 0x0000000771a00000| Untracked 
| 362|0x0000000771c00000, 0x0000000771c00000, 0x0000000771e00000|  0%| F|  |TAMS 0x0000000771c00000, 0x0000000771c00000| Untracked 
| 363|0x0000000771e00000, 0x0000000771e00000, 0x0000000772000000|  0%| F|  |TAMS 0x0000000771e00000, 0x0000000771e00000| Untracked 
| 364|0x0000000772000000, 0x0000000772000000, 0x0000000772200000|  0%| F|  |TAMS 0x0000000772000000, 0x0000000772000000| Untracked 
| 365|0x0000000772200000, 0x0000000772200000, 0x0000000772400000|  0%| F|  |TAMS 0x0000000772200000, 0x0000000772200000| Untracked 
| 366|0x0000000772400000, 0x0000000772400000, 0x0000000772600000|  0%| F|  |TAMS 0x0000000772400000, 0x0000000772400000| Untracked 
| 367|0x0000000772600000, 0x0000000772600000, 0x0000000772800000|  0%| F|  |TAMS 0x0000000772600000, 0x0000000772600000| Untracked 
| 368|0x0000000772800000, 0x000000077284c0b8, 0x0000000772a00000| 14%| S|CS|TAMS 0x0000000772800000, 0x0000000772800000| Complete 
| 369|0x0000000772a00000, 0x0000000772a00000, 0x0000000772c00000|  0%| F|  |TAMS 0x0000000772a00000, 0x0000000772a00000| Untracked 
| 370|0x0000000772c00000, 0x0000000772c00000, 0x0000000772e00000|  0%| F|  |TAMS 0x0000000772c00000, 0x0000000772c00000| Untracked 
| 371|0x0000000772e00000, 0x0000000772e00000, 0x0000000773000000|  0%| F|  |TAMS 0x0000000772e00000, 0x0000000772e00000| Untracked 
| 372|0x0000000773000000, 0x0000000773000000, 0x0000000773200000|  0%| F|  |TAMS 0x0000000773000000, 0x0000000773000000| Untracked 
| 373|0x0000000773200000, 0x0000000773200000, 0x0000000773400000|  0%| F|  |TAMS 0x0000000773200000, 0x0000000773200000| Untracked 
| 374|0x0000000773400000, 0x0000000773400000, 0x0000000773600000|  0%| F|  |TAMS 0x0000000773400000, 0x0000000773400000| Untracked 
| 375|0x0000000773600000, 0x0000000773600000, 0x0000000773800000|  0%| F|  |TAMS 0x0000000773600000, 0x0000000773600000| Untracked 
| 376|0x0000000773800000, 0x0000000773800000, 0x0000000773a00000|  0%| F|  |TAMS 0x0000000773800000, 0x0000000773800000| Untracked 
| 377|0x0000000773a00000, 0x0000000773a00000, 0x0000000773c00000|  0%| F|  |TAMS 0x0000000773a00000, 0x0000000773a00000| Untracked 
| 378|0x0000000773c00000, 0x0000000773c00000, 0x0000000773e00000|  0%| F|  |TAMS 0x0000000773c00000, 0x0000000773c00000| Untracked 

Card table byte_map: [0x00000186c90c0000,0x00000186c96a0000] _byte_map_base: 0x00000186c569c000

Marking Bits (Prev, Next): (CMBitMap*) 0x00000186b1755590, (CMBitMap*) 0x00000186b1755550
 Prev Bits: [0x00000186ccb60000, 0x00000186cfa40000)
 Next Bits: [0x00000186c9c80000, 0x00000186ccb60000)

Polling page: 0x00000186af5e0000

Metaspace:

Usage:
  Non-class:      8.07 MB used.
      Class:      1.02 MB used.
       Both:      9.09 MB used.

Virtual space:
  Non-class space:       64.00 MB reserved,       8.19 MB ( 13%) committed,  1 nodes.
      Class space:        1.00 GB reserved,       1.12 MB ( <1%) committed,  1 nodes.
             Both:        1.06 GB reserved,       9.31 MB ( <1%) committed. 

Chunk freelists:
   Non-Class:  6.96 MB
       Class:  14.73 MB
        Both:  21.70 MB

MaxMetaspaceSize: unlimited
CompressedClassSpaceSize: 1.00 GB
Initial GC threshold: 21.00 MB
Current GC threshold: 21.00 MB
CDS: on
MetaspaceReclaimPolicy: balanced
 - commit_granule_bytes: 65536.
 - commit_granule_words: 8192.
 - virtual_space_node_default_size: 8388608.
 - enlarge_chunks_in_place: 1.
 - new_chunks_are_fully_committed: 0.
 - uncommit_free_chunks: 1.
 - use_allocation_guard: 0.
 - handle_deallocations: 1.


Internal statistics:

num_allocs_failed_limit: 0.
num_arena_births: 122.
num_arena_deaths: 0.
num_vsnodes_births: 2.
num_vsnodes_deaths: 0.
num_space_committed: 149.
num_space_uncommitted: 0.
num_chunks_returned_to_freelist: 0.
num_chunks_taken_from_freelist: 174.
num_chunk_merges: 0.
num_chunk_splits: 106.
num_chunks_enlarged: 54.
num_inconsistent_stats: 0.

CodeHeap 'non-profiled nmethods': size=119168Kb used=700Kb max_used=700Kb free=118467Kb
 bounds [0x00000186c0e00000, 0x00000186c1070000, 0x00000186c8260000]
CodeHeap 'profiled nmethods': size=119104Kb used=3642Kb max_used=3642Kb free=115461Kb
 bounds [0x00000186b9260000, 0x00000186b95f0000, 0x00000186c06b0000]
CodeHeap 'non-nmethods': size=7488Kb used=1854Kb max_used=3020Kb free=5634Kb
 bounds [0x00000186c06b0000, 0x00000186c09b0000, 0x00000186c0e00000]
 total_blobs=2621 nmethods=2000 adapters=533
 compilation: enabled
              stopped_count=0, restarted_count=0
 full_count=0

Compilation events (20 events):
Event: 14.305 Thread 0x0000018718c3a330 1990       3       sun.awt.windows.WComponentPeer::postEvent (17 bytes)
Event: 14.305 Thread 0x00000186d2a5bc80 1991       3       sun.awt.windows.WWindowPeer::preprocessPostEvent (72 bytes)
Event: 14.306 Thread 0x00000186d2a5bc80 nmethod 1991 0x00000186b95eb990 code [0x00000186b95ebb80, 0x00000186b95ec2b8]
Event: 14.306 Thread 0x0000018718c3a330 nmethod 1990 0x00000186b95ec410 code [0x00000186b95ec620, 0x00000186b95ecc78]
Event: 14.324 Thread 0x00000186d2a4f2f0 1992       4       sun.awt.AWTAutoShutdown::isReadyToShutdown (37 bytes)
Event: 14.324 Thread 0x00000186d2a4f2f0 nmethod 1992 0x00000186c0ead890 code [0x00000186c0eada20, 0x00000186c0eadaf8]
Event: 14.352 Thread 0x0000018718c30c70 1994  s    1       java.lang.StringBuffer::length (5 bytes)
Event: 14.352 Thread 0x0000018718c30c70 nmethod 1994 0x00000186c0eae010 code [0x00000186c0eae1a0, 0x00000186c0eae318]
Event: 14.365 Thread 0x00000186d2b153b0 1995       3       sun.awt.windows.WGlobalCursorManager::nativeUpdateCursor (8 bytes)
Event: 14.365 Thread 0x0000018718c3a330 1996       3       sun.awt.GlobalCursorManager::updateCursorLater (23 bytes)
Event: 14.365 Thread 0x00000186d2a5bc80 1997   !   3       sun.awt.GlobalCursorManager$NativeUpdater::postIfNotPending (48 bytes)
Event: 14.366 Thread 0x0000018718c3a330 nmethod 1996 0x00000186b95ecf10 code [0x00000186b95ed0e0, 0x00000186b95ed348]
Event: 14.366 Thread 0x00000186d2b153b0 nmethod 1995 0x00000186b95ed490 code [0x00000186b95ed660, 0x00000186b95eda38]
Event: 14.366 Thread 0x00000186d2a5bc80 nmethod 1997 0x00000186b95edb90 code [0x00000186b95edda0, 0x00000186b95ee488]
Event: 14.400 Thread 0x00000186d2a4f2f0 1998       4       java.nio.DirectIntBufferU::ix (10 bytes)
Event: 14.401 Thread 0x00000186d2a4f2f0 nmethod 1998 0x00000186c0eae390 code [0x00000186c0eae500, 0x00000186c0eae578]
Event: 14.401 Thread 0x0000018718c3a330 1999       3       java.util.Calendar::internalGet (7 bytes)
Event: 14.401 Thread 0x0000018718c3a330 nmethod 1999 0x00000186b95ee710 code [0x00000186b95ee8a0, 0x00000186b95ee9d8]
Event: 15.475 Thread 0x00000186d2a4f2f0 2000       4       sun.awt.image.PNGImageDecoder::need (118 bytes)
Event: 15.482 Thread 0x00000186d2a4f2f0 nmethod 2000 0x00000186c0eae690 code [0x00000186c0eae840, 0x00000186c0eaef18]

GC Heap History (20 events):
Event: 2.730 GC heap before
{Heap before GC invocations=2 (full 0):
 garbage-first heap   total 192512K, used 112752K [0x0000000744800000, 0x0000000800000000)
  region size 2048K, 19 young (38912K), 1 survivors (2048K)
 Metaspace       used 7397K, committed 7616K, reserved 1114112K
  class space    used 845K, committed 960K, reserved 1048576K
}
Event: 2.732 GC heap after
{Heap after GC invocations=3 (full 0):
 garbage-first heap   total 192512K, used 77846K [0x0000000744800000, 0x0000000800000000)
  region size 2048K, 1 young (2048K), 1 survivors (2048K)
 Metaspace       used 7397K, committed 7616K, reserved 1114112K
  class space    used 845K, committed 960K, reserved 1048576K
}
Event: 2.781 GC heap before
{Heap before GC invocations=3 (full 0):
 garbage-first heap   total 192512K, used 124950K [0x0000000744800000, 0x0000000800000000)
  region size 2048K, 13 young (26624K), 1 survivors (2048K)
 Metaspace       used 7403K, committed 7616K, reserved 1114112K
  class space    used 845K, committed 960K, reserved 1048576K
}
Event: 2.782 GC heap after
{Heap after GC invocations=4 (full 0):
 garbage-first heap   total 192512K, used 102451K [0x0000000744800000, 0x0000000800000000)
  region size 2048K, 1 young (2048K), 1 survivors (2048K)
 Metaspace       used 7403K, committed 7616K, reserved 1114112K
  class space    used 845K, committed 960K, reserved 1048576K
}
Event: 2.974 GC heap before
{Heap before GC invocations=5 (full 0):
 garbage-first heap   total 417792K, used 305203K [0x0000000744800000, 0x0000000800000000)
  region size 2048K, 31 young (63488K), 1 survivors (2048K)
 Metaspace       used 7403K, committed 7616K, reserved 1114112K
  class space    used 845K, committed 960K, reserved 1048576K
}
Event: 2.976 GC heap after
{Heap after GC invocations=6 (full 0):
 garbage-first heap   total 417792K, used 245807K [0x0000000744800000, 0x0000000800000000)
  region size 2048K, 1 young (2048K), 1 survivors (2048K)
 Metaspace       used 7403K, committed 7616K, reserved 1114112K
  class space    used 845K, committed 960K, reserved 1048576K
}
Event: 3.121 GC heap before
{Heap before GC invocations=6 (full 0):
 garbage-first heap   total 417792K, used 325679K [0x0000000744800000, 0x0000000800000000)
  region size 2048K, 42 young (86016K), 1 survivors (2048K)
 Metaspace       used 7403K, committed 7616K, reserved 1114112K
  class space    used 845K, committed 960K, reserved 1048576K
}
Event: 3.122 GC heap after
{Heap after GC invocations=7 (full 0):
 garbage-first heap   total 417792K, used 245810K [0x0000000744800000, 0x0000000800000000)
  region size 2048K, 1 young (2048K), 1 survivors (2048K)
 Metaspace       used 7403K, committed 7616K, reserved 1114112K
  class space    used 845K, committed 960K, reserved 1048576K
}
Event: 3.402 GC heap before
{Heap before GC invocations=8 (full 0):
 garbage-first heap   total 653312K, used 510002K [0x0000000744800000, 0x0000000800000000)
  region size 2048K, 61 young (124928K), 1 survivors (2048K)
 Metaspace       used 7408K, committed 7616K, reserved 1114112K
  class space    used 845K, committed 960K, reserved 1048576K
}
Event: 3.403 GC heap after
{Heap after GC invocations=9 (full 0):
 garbage-first heap   total 653312K, used 389165K [0x0000000744800000, 0x0000000800000000)
  region size 2048K, 1 young (2048K), 1 survivors (2048K)
 Metaspace       used 7408K, committed 7616K, reserved 1114112K
  class space    used 845K, committed 960K, reserved 1048576K
}
Event: 13.999 GC heap before
{Heap before GC invocations=9 (full 0):
 garbage-first heap   total 653312K, used 415789K [0x0000000744800000, 0x0000000800000000)
  region size 2048K, 16 young (32768K), 1 survivors (2048K)
 Metaspace       used 9307K, committed 9536K, reserved 1114112K
  class space    used 1045K, committed 1152K, reserved 1048576K
}
Event: 14.000 GC heap after
{Heap after GC invocations=10 (full 0):
 garbage-first heap   total 653312K, used 389296K [0x0000000744800000, 0x0000000800000000)
  region size 2048K, 1 young (2048K), 1 survivors (2048K)
 Metaspace       used 9307K, committed 9536K, reserved 1114112K
  class space    used 1045K, committed 1152K, reserved 1048576K
}
Event: 14.249 GC heap before
{Heap before GC invocations=11 (full 0):
 garbage-first heap   total 684032K, used 426160K [0x0000000744800000, 0x0000000800000000)
  region size 2048K, 11 young (22528K), 1 survivors (2048K)
 Metaspace       used 9309K, committed 9536K, reserved 1114112K
  class space    used 1045K, committed 1152K, reserved 1048576K
}
Event: 14.250 GC heap after
{Heap after GC invocations=12 (full 0):
 garbage-first heap   total 684032K, used 407733K [0x0000000744800000, 0x0000000800000000)
  region size 2048K, 1 young (2048K), 1 survivors (2048K)
 Metaspace       used 9309K, committed 9536K, reserved 1114112K
  class space    used 1045K, committed 1152K, reserved 1048576K
}
Event: 14.353 GC heap before
{Heap before GC invocations=13 (full 0):
 garbage-first heap   total 716800K, used 444597K [0x0000000744800000, 0x0000000800000000)
  region size 2048K, 11 young (22528K), 1 survivors (2048K)
 Metaspace       used 9311K, committed 9536K, reserved 1114112K
  class space    used 1045K, committed 1152K, reserved 1048576K
}
Event: 14.354 GC heap after
{Heap after GC invocations=14 (full 0):
 garbage-first heap   total 716800K, used 426171K [0x0000000744800000, 0x0000000800000000)
  region size 2048K, 1 young (2048K), 1 survivors (2048K)
 Metaspace       used 9311K, committed 9536K, reserved 1114112K
  class space    used 1045K, committed 1152K, reserved 1048576K
}
Event: 14.402 GC heap before
{Heap before GC invocations=15 (full 0):
 garbage-first heap   total 745472K, used 463035K [0x0000000744800000, 0x0000000800000000)
  region size 2048K, 11 young (22528K), 1 survivors (2048K)
 Metaspace       used 9312K, committed 9536K, reserved 1114112K
  class space    used 1045K, committed 1152K, reserved 1048576K
}
Event: 14.402 GC heap after
{Heap after GC invocations=16 (full 0):
 garbage-first heap   total 745472K, used 444601K [0x0000000744800000, 0x0000000800000000)
  region size 2048K, 1 young (2048K), 1 survivors (2048K)
 Metaspace       used 9312K, committed 9536K, reserved 1114112K
  class space    used 1045K, committed 1152K, reserved 1048576K
}
Event: 15.498 GC heap before
{Heap before GC invocations=17 (full 0):
 garbage-first heap   total 776192K, used 481465K [0x0000000744800000, 0x0000000800000000)
  region size 2048K, 11 young (22528K), 1 survivors (2048K)
 Metaspace       used 9312K, committed 9536K, reserved 1114112K
  class space    used 1045K, committed 1152K, reserved 1048576K
}
Event: 15.501 GC heap after
{Heap after GC invocations=18 (full 0):
 garbage-first heap   total 776192K, used 463047K [0x0000000744800000, 0x0000000800000000)
  region size 2048K, 1 young (2048K), 1 survivors (2048K)
 Metaspace       used 9312K, committed 9536K, reserved 1114112K
  class space    used 1045K, committed 1152K, reserved 1048576K
}

Dll operation events (9 events):
Event: 0.014 Loaded shared library C:\Users\Nekor\AppData\Roaming\Code\User\globalStorage\pleiades.java-extension-pack-jdk\java\17\bin\java.dll
Event: 0.035 Loaded shared library C:\Users\Nekor\AppData\Roaming\Code\User\globalStorage\pleiades.java-extension-pack-jdk\java\17\bin\jsvml.dll
Event: 0.080 Loaded shared library C:\Users\Nekor\AppData\Roaming\Code\User\globalStorage\pleiades.java-extension-pack-jdk\java\17\bin\jimage.dll
Event: 0.085 Loaded shared library C:\Users\Nekor\AppData\Roaming\Code\User\globalStorage\pleiades.java-extension-pack-jdk\java\17\bin\awt.dll
Event: 0.602 Loaded shared library C:\Users\Nekor\AppData\Roaming\Code\User\globalStorage\pleiades.java-extension-pack-jdk\java\17\bin\zip.dll
Event: 0.693 Loaded shared library C:\Users\Nekor\AppData\Roaming\Code\User\globalStorage\pleiades.java-extension-pack-jdk\java\17\bin\freetype.dll
Event: 0.694 Loaded shared library C:\Users\Nekor\AppData\Roaming\Code\User\globalStorage\pleiades.java-extension-pack-jdk\java\17\bin\fontmanager.dll
Event: 0.736 Loaded shared library C:\Users\Nekor\AppData\Roaming\Code\User\globalStorage\pleiades.java-extension-pack-jdk\java\17\bin\net.dll
Event: 0.738 Loaded shared library C:\Users\Nekor\AppData\Roaming\Code\User\globalStorage\pleiades.java-extension-pack-jdk\java\17\bin\nio.dll

Deoptimization events (20 events):
Event: 2.922 Thread 0x0000018718a687d0 DEOPT PACKING pc=0x00000186b9448a75 sp=0x000000525783f4c0
Event: 2.922 Thread 0x0000018718a687d0 DEOPT UNPACKING pc=0x00000186c0707143 sp=0x000000525783e930 mode 0
Event: 8.020 Thread 0x00000186d2dc0e30 Uncommon trap: trap_request=0xffffff45 fr.pc=0x00000186c0e9adbc relative=0x000000000000009c
Event: 8.020 Thread 0x00000186d2dc0e30 Uncommon trap: reason=unstable_if action=reinterpret pc=0x00000186c0e9adbc method=java.awt.Component.inside(II)Z @ 1 c2
Event: 8.020 Thread 0x00000186d2dc0e30 DEOPT PACKING pc=0x00000186c0e9adbc sp=0x00000052574fe910
Event: 8.020 Thread 0x00000186d2dc0e30 DEOPT UNPACKING pc=0x00000186c07069a3 sp=0x00000052574fe7b0 mode 2
Event: 13.387 Thread 0x00000186d2dc0e30 Uncommon trap: trap_request=0xffffff45 fr.pc=0x00000186c0ea30d4 relative=0x00000000000000b4
Event: 13.387 Thread 0x00000186d2dc0e30 Uncommon trap: reason=unstable_if action=reinterpret pc=0x00000186c0ea30d4 method=javax.swing.SwingUtilities.computeIntersection(IIIILjava/awt/Rectangle;)Ljava/awt/Rectangle; @ 6 c2
Event: 13.387 Thread 0x00000186d2dc0e30 DEOPT PACKING pc=0x00000186c0ea30d4 sp=0x00000052574fe2a0
Event: 13.387 Thread 0x00000186d2dc0e30 DEOPT UNPACKING pc=0x00000186c07069a3 sp=0x00000052574fe200 mode 2
Event: 14.246 Thread 0x0000018718a682c0 DEOPT PACKING pc=0x00000186b95e9db8 sp=0x000000525783f2b0
Event: 14.246 Thread 0x0000018718a682c0 DEOPT UNPACKING pc=0x00000186c0707143 sp=0x000000525783e7a0 mode 0
Event: 14.247 Thread 0x0000018718a682c0 Uncommon trap: trap_request=0xffffff45 fr.pc=0x00000186c0eacdc0 relative=0x0000000000000320
Event: 14.247 Thread 0x0000018718a682c0 Uncommon trap: reason=unstable_if action=reinterpret pc=0x00000186c0eacdc0 method=sun.awt.image.ImageRepresentation.getOpaqueRGBImage()Ljava/awt/image/BufferedImage; @ 57 c2
Event: 14.247 Thread 0x0000018718a682c0 DEOPT PACKING pc=0x00000186c0eacdc0 sp=0x000000525783f310
Event: 14.247 Thread 0x0000018718a682c0 DEOPT UNPACKING pc=0x00000186c07069a3 sp=0x000000525783f2a0 mode 2
Event: 14.351 Thread 0x0000018718a682c0 Uncommon trap: trap_request=0xffffff45 fr.pc=0x00000186c0ead434 relative=0x0000000000000274
Event: 14.351 Thread 0x0000018718a682c0 Uncommon trap: reason=unstable_if action=reinterpret pc=0x00000186c0ead434 method=sun.awt.image.ImageRepresentation.getOpaqueRGBImage()Ljava/awt/image/BufferedImage; @ 71 c2
Event: 14.351 Thread 0x0000018718a682c0 DEOPT PACKING pc=0x00000186c0ead434 sp=0x000000525783f330
Event: 14.351 Thread 0x0000018718a682c0 DEOPT UNPACKING pc=0x00000186c07069a3 sp=0x000000525783f2a0 mode 2

Classes loaded (20 events):
Event: 13.970 Loading class javax/swing/JProgressBar
Event: 13.971 Loading class javax/swing/JProgressBar done
Event: 13.971 Loading class javax/swing/JScrollPane
Event: 13.971 Loading class javax/swing/ScrollPaneConstants
Event: 13.971 Loading class javax/swing/ScrollPaneConstants done
Event: 13.972 Loading class javax/swing/JScrollPane done
Event: 13.981 Loading class java/lang/Math$RandomNumberGeneratorHolder
Event: 13.981 Loading class java/lang/Math$RandomNumberGeneratorHolder done
Event: 13.984 Loading class sun/util/locale/provider/BaseLocaleDataMetaInfo
Event: 13.987 Loading class sun/util/locale/provider/BaseLocaleDataMetaInfo done
Event: 13.989 Loading class sun/util/resources/LocaleData$CommonResourceBundleProvider
Event: 13.990 Loading class sun/util/resources/LocaleData$LocaleDataResourceBundleProvider
Event: 13.990 Loading class java/util/spi/ResourceBundleProvider
Event: 13.990 Loading class java/util/spi/ResourceBundleProvider done
Event: 13.990 Loading class sun/util/resources/LocaleData$LocaleDataResourceBundleProvider done
Event: 13.990 Loading class sun/util/resources/LocaleData$CommonResourceBundleProvider done
Event: 13.991 Loading class sun/nio/cs/Surrogate$Parser
Event: 13.991 Loading class sun/nio/cs/Surrogate$Parser done
Event: 13.991 Loading class sun/nio/cs/Surrogate
Event: 13.991 Loading class sun/nio/cs/Surrogate done

Classes unloaded (0 events):
No events

Classes redefined (0 events):
No events

Internal exceptions (16 events):
Event: 0.073 Thread 0x00000186b16fda00 Exception <a 'java/lang/ClassNotFoundException'{0x0000000750327b70}: sun/awt/resources/spi/awtProvider> (0x0000000750327b70) 
thrown [s\src\hotspot\share\classfile\systemDictionary.cpp, line 256]
Event: 0.099 Thread 0x00000186b16fda00 Exception <a 'java/io/FileNotFoundException'{0x00000007500304c8}> (0x00000007500304c8) 
thrown [s\src\hotspot\share\prims\jni.cpp, line 516]
Event: 0.106 Thread 0x00000186b16fda00 Exception <a 'java/io/FileNotFoundException'{0x000000075005d498}> (0x000000075005d498) 
thrown [s\src\hotspot\share\prims\jni.cpp, line 516]
Event: 0.132 Thread 0x00000186b16fda00 Exception <a 'java/lang/NoSuchMethodError'{0x0000000750097290}: 'java.lang.Object java.lang.invoke.DirectMethodHandle$Holder.invokeStaticInit(java.lang.Object)'> (0x0000000750097290) 
thrown [s\src\hotspot\share\interpreter\linkResolver.cpp, line 759]
Event: 0.527 Thread 0x00000186d2dc0e30 Exception <a 'java/lang/NoSuchMethodError'{0x000000074fe34a18}: 'void java.lang.invoke.DirectMethodHandle$Holder.invokeSpecial(java.lang.Object, java.lang.Object, java.lang.Object)'> (0x000000074fe34a18) 
thrown [s\src\hotspot\share\interpreter\linkResolver.cpp, line 759]
Event: 0.535 Thread 0x00000186d2dc0e30 Exception <a 'java/lang/NoSuchMethodError'{0x000000074fe5ec10}: 'java.lang.Object java.lang.invoke.DirectMethodHandle$Holder.newInvokeSpecial(java.lang.Object, java.lang.Object, java.lang.Object, java.lang.Object, java.lang.Object)'> (0x000000074fe5ec10) 
thrown [s\src\hotspot\share\interpreter\linkResolver.cpp, line 759]
Event: 0.536 Thread 0x00000186d2dc0e30 Exception <a 'java/lang/NoSuchMethodError'{0x000000074fe6a5a8}: 'java.lang.Object java.lang.invoke.DirectMethodHandle$Holder.invokeStatic(java.lang.Object, int, java.lang.Object, java.lang.Object, java.lang.Object, java.lang.Object)'> (0x000000074fe6a5a8) 
thrown [s\src\hotspot\share\interpreter\linkResolver.cpp, line 759]
Event: 0.541 Thread 0x00000186d2dc0e30 Exception <a 'java/lang/NoSuchMethodError'{0x000000074fe901e8}: 'java.lang.Object java.lang.invoke.DirectMethodHandle$Holder.invokeStatic(java.lang.Object, int, java.lang.Object)'> (0x000000074fe901e8) 
thrown [s\src\hotspot\share\interpreter\linkResolver.cpp, line 759]
Event: 0.569 Thread 0x00000186d2dc0e30 Exception <a 'java/lang/ClassNotFoundException'{0x000000074ff47a98}: com/sun/swing/internal/plaf/metal/resources/spi/metalProvider> (0x000000074ff47a98) 
thrown [s\src\hotspot\share\classfile\systemDictionary.cpp, line 256]
Event: 0.570 Thread 0x00000186d2dc0e30 Exception <a 'java/lang/ClassNotFoundException'{0x000000074ff4b910}: com/sun/swing/internal/plaf/basic/resources/spi/basicProvider> (0x000000074ff4b910) 
thrown [s\src\hotspot\share\classfile\systemDictionary.cpp, line 256]
Event: 0.632 Thread 0x0000018718a687d0 Exception <a 'java/lang/NoSuchMethodError'{0x000000074fdb6c10}: 'java.lang.Object java.lang.invoke.DirectMethodHandle$Holder.newInvokeSpecial(java.lang.Object, java.lang.Object, java.lang.Object, int, int, int, int, int)'> (0x000000074fdb6c10) 
thrown [s\src\hotspot\share\interpreter\linkResolver.cpp, line 759]
Event: 0.672 Thread 0x00000186d2dc0e30 Exception <a 'java/lang/NoSuchMethodError'{0x000000074ff74ba8}: 'void java.lang.invoke.DirectMethodHandle$Holder.invokeStatic(java.lang.Object, java.lang.Object, java.lang.Object)'> (0x000000074ff74ba8) 
thrown [s\src\hotspot\share\interpreter\linkResolver.cpp, line 759]
Event: 0.673 Thread 0x00000186d2dc0e30 Exception <a 'java/lang/NoSuchMethodError'{0x000000074ff7af38}: 'void java.lang.invoke.DirectMethodHandle$Holder.invokeStatic(java.lang.Object, java.lang.Object)'> (0x000000074ff7af38) 
thrown [s\src\hotspot\share\interpreter\linkResolver.cpp, line 759]
Event: 0.689 Thread 0x00000186d2dc0e30 Exception <a 'java/lang/NoSuchMethodError'{0x000000074ffa7140}: 'void java.lang.invoke.DirectMethodHandle$Holder.invokeStaticInit(java.lang.Object)'> (0x000000074ffa7140) 
thrown [s\src\hotspot\share\interpreter\linkResolver.cpp, line 759]
Event: 0.868 Thread 0x00000186d2da5520 Exception <a 'java/lang/NoSuchMethodError'{0x00000007500f1108}: 'void java.lang.invoke.DirectMethodHandle$Holder.invokeVirtual(java.lang.Object, java.lang.Object)'> (0x00000007500f1108) 
thrown [s\src\hotspot\share\interpreter\linkResolver.cpp, line 759]
Event: 2.781 Thread 0x0000018718a687d0 Implicit null exception at 0x00000186c0e53aa2 to 0x00000186c0e55c6c

VM Operations (20 events):
Event: 14.250 Executing VM operation: G1TryInitiateConcMark done
Event: 14.252 Executing VM operation: G1PauseRemark
Event: 14.255 Executing VM operation: G1PauseRemark done
Event: 14.256 Executing VM operation: G1PauseCleanup
Event: 14.256 Executing VM operation: G1PauseCleanup done
Event: 14.353 Executing VM operation: G1TryInitiateConcMark
Event: 14.354 Executing VM operation: G1TryInitiateConcMark done
Event: 14.356 Executing VM operation: G1PauseRemark
Event: 14.363 Executing VM operation: G1PauseRemark done
Event: 14.363 Executing VM operation: G1PauseCleanup
Event: 14.363 Executing VM operation: G1PauseCleanup done
Event: 14.402 Executing VM operation: G1TryInitiateConcMark
Event: 14.403 Executing VM operation: G1TryInitiateConcMark done
Event: 14.405 Executing VM operation: G1PauseRemark
Event: 15.416 Executing VM operation: G1PauseRemark done
Event: 15.432 Executing VM operation: G1PauseCleanup
Event: 15.432 Executing VM operation: G1PauseCleanup done
Event: 15.498 Executing VM operation: G1TryInitiateConcMark
Event: 15.501 Executing VM operation: G1TryInitiateConcMark done
Event: 15.509 Executing VM operation: G1PauseRemark

Memory protections (0 events):
No events

Nmethod flushes (0 events):
No events

Events (20 events):
Event: 0.221 Thread 0x00000186b16fda00 Thread added: 0x00000186d2dc0e30
Event: 0.221 Thread 0x00000186b16fda00 Thread exited: 0x00000186b16fda00
Event: 0.221 Thread 0x00000186b16fda00 Thread added: 0x00000186b16fda00
Event: 0.585 Thread 0x00000186d2dc0e30 Thread added: 0x0000018718a687d0
Event: 0.611 Thread 0x00000186d2b153b0 Thread added: 0x0000018718c30c70
Event: 0.611 Thread 0x00000186d2b153b0 Thread added: 0x0000018718c3a330
Event: 0.623 Thread 0x0000018718c30c70 Thread added: 0x0000018718c4ff30
Event: 0.901 Thread 0x00000186d2dc0e30 Thread added: 0x0000018718a691f0
Event: 0.905 Thread 0x0000018718c4ff30 Thread exited: 0x0000018718c4ff30
Event: 2.728 Thread 0x00000186d2b153b0 Thread added: 0x000001871fee1000
Event: 2.728 Thread 0x00000186d2b153b0 Thread added: 0x000001871fee1520
Event: 2.728 Thread 0x00000186d2b153b0 Thread added: 0x000001871fee1a40
Event: 2.977 Thread 0x000001871fee1a40 Thread exited: 0x000001871fee1a40
Event: 3.114 Thread 0x000001871fee1520 Thread exited: 0x000001871fee1520
Event: 3.233 Thread 0x000001871fee1000 Thread exited: 0x000001871fee1000
Event: 3.481 Thread 0x00000186d2dc0e30 Thread added: 0x0000018718a678a0
Event: 8.442 Thread 0x0000018718a687d0 Thread exited: 0x0000018718a687d0
Event: 13.993 Thread 0x00000186d2dc0e30 Thread added: 0x0000018718a682c0
Event: 15.475 Thread 0x0000018718c3a330 Thread exited: 0x0000018718c3a330
Event: 15.475 Thread 0x0000018718c30c70 Thread exited: 0x0000018718c30c70


Dynamic libraries:
0x00007ff749220000 - 0x00007ff74922e000 	C:\Users\Nekor\AppData\Roaming\Code\User\globalStorage\pleiades.java-extension-pack-jdk\java\17\bin\java.exe
0x00007ffed7020000 - 0x00007ffed7287000 	C:\WINDOWS\SYSTEM32\ntdll.dll
0x00007ffed5ec0000 - 0x00007ffed5f89000 	C:\WINDOWS\System32\KERNEL32.DLL
0x00007ffed38f0000 - 0x00007ffed3ce4000 	C:\WINDOWS\System32\KERNELBASE.dll
0x00007ffed4990000 - 0x00007ffed4adb000 	C:\WINDOWS\System32\ucrtbase.dll
0x00007ffebb1b0000 - 0x00007ffebb1ce000 	C:\Users\Nekor\AppData\Roaming\Code\User\globalStorage\pleiades.java-extension-pack-jdk\java\17\bin\VCRUNTIME140.dll
0x00007ffebb190000 - 0x00007ffebb1a8000 	C:\Users\Nekor\AppData\Roaming\Code\User\globalStorage\pleiades.java-extension-pack-jdk\java\17\bin\jli.dll
0x00007ffed6170000 - 0x00007ffed6335000 	C:\WINDOWS\System32\USER32.dll
0x00007ffed4ae0000 - 0x00007ffed4b07000 	C:\WINDOWS\System32\win32u.dll
0x00007ffeb6db0000 - 0x00007ffeb7043000 	C:\WINDOWS\WinSxS\amd64_microsoft.windows.common-controls_6595b64144ccf1df_6.0.26100.8115_none_3e075c82e3354f9c\COMCTL32.dll
0x00007ffed5b70000 - 0x00007ffed5b9b000 	C:\WINDOWS\System32\GDI32.dll
0x00007ffed4bd0000 - 0x00007ffed4cfa000 	C:\WINDOWS\System32\gdi32full.dll
0x00007ffed5370000 - 0x00007ffed5419000 	C:\WINDOWS\System32\msvcrt.dll
0x00007ffed4d00000 - 0x00007ffed4da3000 	C:\WINDOWS\System32\msvcp_win.dll
0x00007ffed6610000 - 0x00007ffed6642000 	C:\WINDOWS\System32\IMM32.DLL
0x00007ffebb180000 - 0x00007ffebb18c000 	C:\Users\Nekor\AppData\Roaming\Code\User\globalStorage\pleiades.java-extension-pack-jdk\java\17\bin\vcruntime140_1.dll
0x00007ffebb0f0000 - 0x00007ffebb17d000 	C:\Users\Nekor\AppData\Roaming\Code\User\globalStorage\pleiades.java-extension-pack-jdk\java\17\bin\msvcp140.dll
0x00007ffdb8080000 - 0x00007ffdb8ceb000 	C:\Users\Nekor\AppData\Roaming\Code\User\globalStorage\pleiades.java-extension-pack-jdk\java\17\bin\server\jvm.dll
0x00007ffed5c30000 - 0x00007ffed5ce6000 	C:\WINDOWS\System32\ADVAPI32.dll
0x00007ffed5150000 - 0x00007ffed51f7000 	C:\WINDOWS\System32\sechost.dll
0x00007ffed5f90000 - 0x00007ffed60a8000 	C:\WINDOWS\System32\RPCRT4.dll
0x00007ffed5200000 - 0x00007ffed5280000 	C:\WINDOWS\System32\WS2_32.dll
0x00007ffecb6e0000 - 0x00007ffecb6eb000 	C:\WINDOWS\SYSTEM32\VERSION.dll
0x00007ffed31a0000 - 0x00007ffed31fe000 	C:\WINDOWS\SYSTEM32\POWRPROF.dll
0x00007ffece7b0000 - 0x00007ffece7e6000 	C:\WINDOWS\SYSTEM32\WINMM.dll
0x00007ffed3130000 - 0x00007ffed3144000 	C:\WINDOWS\SYSTEM32\UMPDC.dll
0x00007ffed2660000 - 0x00007ffed267b000 	C:\WINDOWS\SYSTEM32\kernel.appcore.dll
0x00007ffebb0e0000 - 0x00007ffebb0ea000 	C:\Users\Nekor\AppData\Roaming\Code\User\globalStorage\pleiades.java-extension-pack-jdk\java\17\bin\jimage.dll
0x00007ffed1880000 - 0x00007ffed1ac2000 	C:\WINDOWS\SYSTEM32\DBGHELP.DLL
0x00007ffed4dc0000 - 0x00007ffed5142000 	C:\WINDOWS\System32\combase.dll
0x00007ffed5290000 - 0x00007ffed5367000 	C:\WINDOWS\System32\OLEAUT32.dll
0x00007ffeb40b0000 - 0x00007ffeb40eb000 	C:\WINDOWS\SYSTEM32\dbgcore.DLL
0x00007ffed3cf0000 - 0x00007ffed3d95000 	C:\WINDOWS\System32\bcryptPrimitives.dll
0x00007ffebb0b0000 - 0x00007ffebb0d5000 	C:\Users\Nekor\AppData\Roaming\Code\User\globalStorage\pleiades.java-extension-pack-jdk\java\17\bin\java.dll
0x00007ffdf0820000 - 0x00007ffdf08f7000 	C:\Users\Nekor\AppData\Roaming\Code\User\globalStorage\pleiades.java-extension-pack-jdk\java\17\bin\jsvml.dll
0x00007ffed6650000 - 0x00007ffed6db6000 	C:\WINDOWS\System32\SHELL32.dll
0x00007ffed3e30000 - 0x00007ffed3f9a000 	C:\WINDOWS\System32\wintypes.dll
0x00007ffed4120000 - 0x00007ffed4985000 	C:\WINDOWS\System32\windows.storage.dll
0x00007ffed64b0000 - 0x00007ffed65a7000 	C:\WINDOWS\System32\SHCORE.dll
0x00007ffed5ba0000 - 0x00007ffed5c06000 	C:\WINDOWS\System32\shlwapi.dll
0x00007ffed3810000 - 0x00007ffed3839000 	C:\WINDOWS\SYSTEM32\profapi.dll
0x00007ffdf0680000 - 0x00007ffdf0811000 	C:\Users\Nekor\AppData\Roaming\Code\User\globalStorage\pleiades.java-extension-pack-jdk\java\17\bin\awt.dll
0x00007ffed0c10000 - 0x00007ffed0caf000 	C:\WINDOWS\SYSTEM32\apphelp.dll
0x00007ffed0ff0000 - 0x00007ffed1099000 	C:\WINDOWS\system32\uxtheme.dll
0x00007ffe353b0000 - 0x00007ffe354e3000 	C:\ProgramData\A-Volute\A-Volute.Nahimic\Modules\Scheduled\x64\AudioDevProps2.dll
0x00007ffed5530000 - 0x00007ffed56c7000 	C:\WINDOWS\System32\ole32.dll
0x00007ffed6340000 - 0x00007ffed649c000 	C:\WINDOWS\System32\MSCTF.dll
0x00007ffed13b0000 - 0x00007ffed13df000 	C:\WINDOWS\system32\DWMAPI.DLL
0x00007ffdeff40000 - 0x00007ffdf004f000 	C:\WINDOWS\system32\opengl32.dll
0x00007ffde5a50000 - 0x00007ffde5a7d000 	C:\WINDOWS\SYSTEM32\GLU32.dll
0x00007ffed10f0000 - 0x00007ffed1133000 	C:\WINDOWS\SYSTEM32\dxcore.dll
0x00007ffe8db50000 - 0x00007ffe8dd02000 	C:\WINDOWS\system32\d3d9.dll
0x00007ffe40ba0000 - 0x00007ffe40c64000 	C:\WINDOWS\System32\DriverStore\FileRepository\nvlt.inf_amd64_949baa7b659dc7f0\nvldumdx.dll
0x00007ffed2fb0000 - 0x00007ffed2fc3000 	C:\WINDOWS\SYSTEM32\msasn1.dll
0x00007ffec9100000 - 0x00007ffec913b000 	C:\WINDOWS\SYSTEM32\cryptnet.dll
0x00007ffed3fa0000 - 0x00007ffed4117000 	C:\WINDOWS\System32\CRYPT32.dll
0x00007ffed2ef0000 - 0x00007ffed2efc000 	C:\WINDOWS\SYSTEM32\cryptbase.dll
0x00007ffed3020000 - 0x00007ffed3088000 	C:\WINDOWS\SYSTEM32\wldp.dll
0x00007ffec8f80000 - 0x00007ffec90f8000 	C:\WINDOWS\SYSTEM32\drvstore.dll
0x00007ffed35b0000 - 0x00007ffed35dd000 	C:\WINDOWS\SYSTEM32\devobj.dll
0x00007ffed3550000 - 0x00007ffed35a1000 	C:\WINDOWS\SYSTEM32\cfgmgr32.dll
0x00007ffed3da0000 - 0x00007ffed3e22000 	C:\WINDOWS\System32\wintrust.dll
0x00007ffed6dc0000 - 0x00007ffed6de0000 	C:\WINDOWS\System32\imagehlp.dll
0x00007ffed2ed0000 - 0x00007ffed2eeb000 	C:\WINDOWS\SYSTEM32\CRYPTSP.dll
0x00007ffed25c0000 - 0x00007ffed25f9000 	C:\WINDOWS\system32\rsaenh.dll
0x00007ffed37e0000 - 0x00007ffed380a000 	C:\WINDOWS\SYSTEM32\bcrypt.dll
0x00007ffe3ad30000 - 0x00007ffe3eac4000 	C:\WINDOWS\System32\DriverStore\FileRepository\nvlt.inf_amd64_949baa7b659dc7f0\nvgpucomp64.dll
0x00007ffe40ac0000 - 0x00007ffe40b9e000 	C:\WINDOWS\System32\DriverStore\FileRepository\nvlt.inf_amd64_949baa7b659dc7f0\NvMemMapStoragex.dll
0x00007ffe328a0000 - 0x00007ffe353a5000 	C:\WINDOWS\System32\DriverStore\FileRepository\nvlt.inf_amd64_949baa7b659dc7f0\nvd3dumx.dll
0x00007ffece3c0000 - 0x00007ffece421000 	C:\WINDOWS\SYSTEM32\directxdatabasehelper.dll
0x00007ffde1fa0000 - 0x00007ffde20e7000 	C:\WINDOWS\system32\nvspcap64.dll
0x00007ffed27a0000 - 0x00007ffed27d6000 	C:\WINDOWS\SYSTEM32\ntmarta.dll
0x00007ffed2c60000 - 0x00007ffed2c90000 	C:\WINDOWS\SYSTEM32\gpapi.dll
0x00007ffe770d0000 - 0x00007ffe77287000 	C:\WINDOWS\System32\DriverStore\FileRepository\nvlt.inf_amd64_949baa7b659dc7f0\nvppex.dll
0x00007ffeb99d0000 - 0x00007ffeb99e8000 	C:\Users\Nekor\AppData\Roaming\Code\User\globalStorage\pleiades.java-extension-pack-jdk\java\17\bin\zip.dll
0x00007ffdf05f0000 - 0x00007ffdf0677000 	C:\Users\Nekor\AppData\Roaming\Code\User\globalStorage\pleiades.java-extension-pack-jdk\java\17\bin\freetype.dll
0x00007ffdf04f0000 - 0x00007ffdf05e2000 	C:\Users\Nekor\AppData\Roaming\Code\User\globalStorage\pleiades.java-extension-pack-jdk\java\17\bin\fontmanager.dll
0x00007ffeb99b0000 - 0x00007ffeb99ca000 	C:\Users\Nekor\AppData\Roaming\Code\User\globalStorage\pleiades.java-extension-pack-jdk\java\17\bin\net.dll
0x00007ffecc980000 - 0x00007ffeccaad000 	C:\WINDOWS\SYSTEM32\WINHTTP.dll
0x00007ffed2bf0000 - 0x00007ffed2c5c000 	C:\WINDOWS\system32\mswsock.dll
0x00007ffea2ca0000 - 0x00007ffea2cb6000 	C:\Users\Nekor\AppData\Roaming\Code\User\globalStorage\pleiades.java-extension-pack-jdk\java\17\bin\nio.dll
0x00007ffea7bd0000 - 0x00007ffea7d18000 	C:\WINDOWS\SYSTEM32\textinputframework.dll
0x00007ffed07f0000 - 0x00007ffed0917000 	C:\WINDOWS\SYSTEM32\CoreMessaging.dll
0x00007ffec43f0000 - 0x00007ffec46d2000 	C:\WINDOWS\SYSTEM32\CoreUIComponents.dll
0x00007ffed60b0000 - 0x00007ffed615e000 	C:\WINDOWS\System32\clbcatq.dll
0x00007ffecf420000 - 0x00007ffecf64e000 	C:\WINDOWS\SYSTEM32\WindowsCodecs.dll
0x00007ffe89690000 - 0x00007ffe896ea000 	C:\WINDOWS\system32\dataexchange.dll
0x00007ffec5640000 - 0x00007ffec588d000 	C:\WINDOWS\system32\twinapi.appcore.dll

dbghelp: loaded successfully - version: 4.0.5 - missing functions: none
symbol engine: initialized successfully - sym options: 0x614 - pdb path: .;C:\Users\Nekor\AppData\Roaming\Code\User\globalStorage\pleiades.java-extension-pack-jdk\java\17\bin;C:\WINDOWS\SYSTEM32;C:\WINDOWS\WinSxS\amd64_microsoft.windows.common-controls_6595b64144ccf1df_6.0.26100.8115_none_3e075c82e3354f9c;C:\Users\Nekor\AppData\Roaming\Code\User\globalStorage\pleiades.java-extension-pack-jdk\java\17\bin\server;C:\ProgramData\A-Volute\A-Volute.Nahimic\Modules\Scheduled\x64;C:\WINDOWS\System32\DriverStore\FileRepository\nvlt.inf_amd64_949baa7b659dc7f0

VM Arguments:
jvm_args: -XX:+ShowCodeDetailsInExceptionMessages 
java_command: com.ryujinsha.Main
java_class_path (initial): C:\Users\Nekor\Documents\New folder\Project\night-shift-game\target\classes
Launcher Type: SUN_STANDARD

[Global flags]
     intx CICompilerCount                          = 12                                        {product} {ergonomic}
     uint ConcGCThreads                            = 3                                         {product} {ergonomic}
     uint G1ConcRefinementThreads                  = 13                                        {product} {ergonomic}
   size_t G1HeapRegionSize                         = 2097152                                   {product} {ergonomic}
    uintx GCDrainStackTargetSize                   = 64                                        {product} {ergonomic}
   size_t InitialHeapSize                          = 197132288                                 {product} {ergonomic}
   size_t MarkStackSize                            = 4194304                                   {product} {ergonomic}
   size_t MaxHeapSize                              = 3145728000                                {product} {ergonomic}
   size_t MaxNewSize                               = 1887436800                                {product} {ergonomic}
   size_t MinHeapDeltaBytes                        = 2097152                                   {product} {ergonomic}
   size_t MinHeapSize                              = 8388608                                   {product} {ergonomic}
    uintx NonNMethodCodeHeapSize                   = 7602480                                {pd product} {ergonomic}
    uintx NonProfiledCodeHeapSize                  = 122027880                              {pd product} {ergonomic}
    uintx ProfiledCodeHeapSize                     = 122027880                              {pd product} {ergonomic}
    uintx ReservedCodeCacheSize                    = 251658240                              {pd product} {ergonomic}
     bool SegmentedCodeCache                       = true                                      {product} {ergonomic}
     bool ShowCodeDetailsInExceptionMessages       = true                                   {manageable} {command line}
   size_t SoftMaxHeapSize                          = 3145728000                             {manageable} {ergonomic}
     bool UseCompressedClassPointers               = true                           {product lp64_product} {ergonomic}
     bool UseCompressedOops                        = true                           {product lp64_product} {ergonomic}
     bool UseG1GC                                  = true                                      {product} {ergonomic}
     bool UseLargePagesIndividualAllocation        = false                                  {pd product} {ergonomic}

Logging:
Log output configuration:
 #0: stdout all=warning uptime,level,tags
 #1: stderr all=off uptime,level,tags

Environment Variables:
JAVA_HOME=C:\Users\Nekor\AppData\Roaming\Code\User\globalStorage\pleiades.java-extension-pack-jdk\java\latest
PATH=c:\Users\Nekor\AppData\Roaming\Code\User\globalStorage\github.copilot-chat\debugCommand;c:\Users\Nekor\AppData\Roaming\Code\User\globalStorage\github.copilot-chat\copilotCli;C:\Users\Nekor\AppData\Roaming\Code\User\globalStorage\pleiades.java-extension-pack-jdk\gradle\latest\bin;C:\Users\Nekor\AppData\Roaming\Code\User\globalStorage\pleiades.java-extension-pack-jdk\maven\latest\bin;C:\Users\Nekor\AppData\Roaming\Code\User\globalStorage\pleiades.java-extension-pack-jdk\java\latest\bin;C:\Users\Nekor\AppData\Local\Programs\Microsoft VS Code;C:\Python312\Scripts\;C:\Python312\;C:\Program Files\Common Files\Oracle\Java\javapath;c:\Users\Nekor\AppData\Local\Programs\cursor\resources\app\bin;C:\Program Files (x86)\Common Files\Intel\Shared Files\cpp\bin\Intel64;C:\Windows\system32;C:\Windows;C:\Windows\System32\Wbem;C:\Windows\System32\WindowsPowerShell\v1.0\;C:\Windows\System32\OpenSSH\;C:\Program Files (x86)\NVIDIA Corporation\PhysX\Common;C:\Users\Nekor\AppData\Local\Microsoft\WindowsApps;C:\Users\Nekor\AppData\Local\GitHubDesktop\bin;C:\Users\Nekor\Downloads\MinGW\bin;C:\ProgramData\chocolatey\bin;C:\Program Files\NVIDIA Corporation\NVIDIA App\NvDLISR;C:\Program Files\dotnet\;C:\WINDOWS\system32;C:\WINDOWS;C:\WINDOWS\System32\Wbem;C:\WINDOWS\System32\WindowsPowerShell\v1.0\;C:\WINDOWS\System32\OpenSSH\;C:\Program Files\nodejs\;C:\Program Files\Git\cmd;C:\laragon\bin\php\php-8.3.0-nts-Win32-vs16-x64;C:\tools\php83;C:\ProgramData\ComposerSetup\bin;C:\laragon\bin;C:\laragon\bin\apache\httpd-2.4.54-win64-VS1;C:\mpg123;C:\laragon\bin\apache\httpd-2.4.54-win64-VS16\bin;C:\laragon\bin\composer;C:\laragon\bin\git\bin;C:\laragon\bin\git\cmd;C:\laragon\bin\git\mingw64\bin;C:\laragon\bin\git\usr\bin;C:\laragon\bin\laragon\utils;C:\laragon\bin\mysql\mysql-5.7.44-winx64\bin;C:\laragon\bin\nginx\nginx-1.22.0;C:\laragon\bin\ngrok;C:\laragon\bin\nodejs\node-v18;C:\laragon\bin\notepad++;C:\laragon\bin\php\php-8.1.10-Win32-vs16-x64;C:\laragon\bin\python\python-3.10;C:\laragon\bin\python\python-3.10\Scripts;C:\laragon\bin\redis\redis-x64-5.0.14.1;C:\laragon\bin\telnet;C:\laragon\usr\bin;C:\Users\Nekor\AppData\Local\Yarn\config\global\node_modules\.bin;C:\Users\Nekor\AppData\Roaming\Composer\vendor\bin;C:\Users\Nekor\AppData\Roaming\npm;C:\Program Files\MySQL\MySQL Shell 8.0\bin\;C:\Users\Nekor\AppData\Local\Programs\Microsoft VS Code\bin;C:\msys64\ucrt64\bin;C:\mpg123;C:\laragon\bin;C:\laragon\bin\apache\httpd-2.4.54-win64-VS16\bin;C:\laragon\bin\composer;C:\laragon\bin\git\bin;C:\laragon\bin\git\cmd;C:\laragon\bin\git\mingw64\bin;C:\laragon\bin\git\usr\bin;C:\laragon\bin\laragon\utils;C:\laragon\bin\mysql\mysql-5.7.44-winx64\bin;C:\laragon\bin\nginx\nginx-1.22.0;C:\laragon\bin\ngrok;C:\laragon\bin\nodejs\node-v18;C:\laragon\bin\notepad++;C:\laragon\bin\php\php-8.1.10-Win32-vs16-x64;C:\laragon\bin\python\python-3.10;C:\laragon\bin\python\python-3.10\Scripts;C:\laragon\bin\redis\redis-x64-5.0.14.1;C:\laragon\bin\telnet;C:\laragon\usr\bin;C:\Users\Nekor\AppData\Local\Yarn\config\global\node_modules\.bin;C:\Users\Nekor\AppData\Roaming\Composer\vendor\bin;C:\Users\Nekor\AppData\Roaming\npm;C:\Program Files\MySQL\MySQL Shell 8.0\bin\;C:\Users\Nekor\AppData\Local\Microsoft\WindowsApps;C:\Users\Nekor\AppData\Local\Programs\Microsoft VS Code\bin;C:\Users\Nekor\AppData\Local\GitHubDesktop\bin;C:\msys64\ucrt64\bin;C:\Users\Nekor\AppData\Local\Programs\Antigravity\bin;c:\Users\Nekor\.vscode\extensions\vscjava.vscode-java-debug-0.58.5\bundled\scripts\noConfigScripts;C:\Users\Nekor\.console-ninja\.bin
USERNAME=Nekor
LANG=en_US.UTF-8
OS=Windows_NT
PROCESSOR_IDENTIFIER=Intel64 Family 6 Model 183 Stepping 1, GenuineIntel
TMP=C:\Users\Nekor\AppData\Local\Temp
TEMP=C:\Users\Nekor\AppData\Local\Temp



Periodic native trim disabled


---------------  S Y S T E M  ---------------

OS:
 Windows 11 , 64 bit Build 26100 (10.0.26100.8115)
OS uptime: 1 days 1:28 hours
Hyper-V role detected

CPU: total 16 (initial active 16) (8 cores per cpu, 2 threads per core) family 6 model 183 stepping 1 microcode 0x12e, cx8, cmov, fxsr, ht, mmx, 3dnowpref, sse, sse2, sse3, ssse3, sse4.1, sse4.2, popcnt, lzcnt, tsc, tscinvbit, avx, avx2, aes, erms, clmul, bmi1, bmi2, adx, sha, fma, vzeroupper, clflush, clflushopt, clwb, hv
Processor Information for processor 0
  Max Mhz: 2400, Current Mhz: 2400, Mhz Limit: 2400
Processor Information for processor 1
  Max Mhz: 2400, Current Mhz: 2400, Mhz Limit: 2400
Processor Information for processor 2
  Max Mhz: 2400, Current Mhz: 1520, Mhz Limit: 2400
Processor Information for processor 3
  Max Mhz: 2400, Current Mhz: 2400, Mhz Limit: 2400
Processor Information for processor 4
  Max Mhz: 2400, Current Mhz: 2400, Mhz Limit: 2400
Processor Information for processor 5
  Max Mhz: 2400, Current Mhz: 2400, Mhz Limit: 2400
Processor Information for processor 6
  Max Mhz: 2400, Current Mhz: 2400, Mhz Limit: 2400
Processor Information for processor 7
  Max Mhz: 2400, Current Mhz: 2400, Mhz Limit: 2400
Processor Information for processor 8
  Max Mhz: 2400, Current Mhz: 2400, Mhz Limit: 2400
Processor Information for processor 9
  Max Mhz: 2400, Current Mhz: 1520, Mhz Limit: 2400
Processor Information for processor 10
  Max Mhz: 2400, Current Mhz: 2400, Mhz Limit: 2400
Processor Information for processor 11
  Max Mhz: 2400, Current Mhz: 2400, Mhz Limit: 2400
Processor Information for processor 12
  Max Mhz: 2400, Current Mhz: 1466, Mhz Limit: 2400
Processor Information for processor 13
  Max Mhz: 2400, Current Mhz: 2400, Mhz Limit: 2400
Processor Information for processor 14
  Max Mhz: 2400, Current Mhz: 1466, Mhz Limit: 2400
Processor Information for processor 15
  Max Mhz: 2400, Current Mhz: 1466, Mhz Limit: 2400

Memory: 4k page, system-wide physical 11995M (924M free)
TotalPageFile size 28379M (AvailPageFile size 0M)
current process WorkingSet (physical memory assigned to process): 928M, peak: 928M
current process commit charge ("private bytes"): 1278M, peak: 1308M

vm_info: OpenJDK 64-Bit Server VM (17.0.18+8) for windows-amd64 JRE (17.0.18+8), built on Jan 20 2026 22:28:22 by "admin" with MS VC++ 17.12 (VS2022)

END.
